entity,relation,value,frequency,start_time,end_time
Q139637817,P2632,Q140458839,A-Day,1943-05-01,1943-05-02
Q30738818,P915,Q3390411,A-Day,2016-05-11,2016-05-11
Q138374721,P2632,Q140458874,A-Day,1942-08-18,1942-08-18
Q138369181,P2632,Q140459146,A-Day,1943-05-02,1943-05-03
Q138376571,P2632,Q140458793,A-Day,1942-09-11,1942-09-12
Q139632584,P2632,Q140459441,A-Day,1940-06-16,1940-08-27
Q164373,P2632,Q1886845,A-Day,2025-09-10,
Q139649800,P2632,Q140459441,A-Day,1941-04-04,1941-04-05
Q134469827,P17,Q846,A-Day,2025-05-14,2025-05-15
Q138370346,P2632,Q140459441,A-Day,1941-04-04,1941-04-05
Q139655885,P2632,Q140459748,A-Day,1945-01-18,1945-01-20
Q139632682,P2632,Q140458793,A-Day,1943-10-29,1943-11-09
Q139631966,P2632,Q637411,A-Day,1945-05-04,1945-05-09
Q139644657,P2632,Q140459457,A-Day,1945-02-01,1945-02-02
Q139651985,P2632,Q4846406,A-Day,1944-08-21,1944-08-21
Q139535777,P17,Q29,A-Day,1984-10-10,1984-10-11
Q138360874,P2632,Q4846406,A-Day,1943-09-17,1943-09-17
Q138362908,P2632,Q140458874,A-Day,1942-08-15,1942-08-16
Q139645356,P2632,Q140459448,A-Day,1945-01-22,1945-03-19
Q139632585,P2632,Q140459442,A-Day,1940-10-21,1941-11-08
Q139640118,P2632,Q15204401,A-Few-Days,1945-02-15,1945-02-20
Q138607723,P2632,Q28717972,A-Few-Days,1943-02-25,1943-02-27
Q106821191,P2632,Q140459458,A-Few-Days,1942-12-01,1943-01-19
Q138373676,P2632,Q140458793,A-Few-Days,1942-01-16,1942-01-18
Q138373805,P2632,Q140459535,A-Few-Days,1944-08-04,1944-11-01
Q139647672,P2632,Q2217762,A-Few-Days,1943-08-22,1943-12-08
Q1586167,P2825,Q204387,A-Few-Days,1899-07-01,1899-07-04
Q138607158,P2632,Q140459458,A-Few-Days,1942-12-01,1943-03-01
Q138371495,P2632,Q140459335,A-Few-Days,1944-09-09,1944-09-11
Q138378733,P2632,Q140459661,A-Few-Days,1945-02-26,1945-03-11
Q138365016,P2632,Q140459448,A-Few-Days,1944-10-06,1944-10-07
Q139645787,P2632,Q140458793,A-Few-Days,1942-08-03,1942-08-06
Q125501029,P2632,Q140459458,A-Few-Days,1943-03-03,1943-03-03
Q138380822,P2632,Q2217762,A-Few-Days,1944-11-28,1945-02-22
Q138369746,P2632,Q140459441,A-Few-Days,1942-04-15,1942-04-17
Q139638783,P2632,Q140459616,A-Few-Days,1943-08-16,1943-08-17
Q138361328,P2632,Q140459458,A-Few-Days,1942-12-01,1943-01-11
Q138697342,P2632,Q637411,A-Few-Days,1942-10-26,1943-02-24
Q138359356,P2632,Q21899380,A-Few-Days,1943-02-28,1943-03-02
Q139655004,P2632,Q2217762,A-Few-Days,1944-02-06,1944-03-06
Q138360588,P2632,Q140459458,A-Few-Days,1942-12-01,1942-12-01
Q138694598,P2632,Q21899380,A-Few-Days,1943-02-28,1943-03-02
Q48753514,P915,Q1787799,A-Few-Days,2016-07-12,2016-07-12
Q139638895,P2632,Q7393493,A-Few-Days,1943-12-09,1943-12-11
Q138607731,P2632,Q15204401,A-Few-Days,1942-12-02,1943-02-24
Q139651477,P2632,Q140458846,A-Few-Days,1945-03-06,1945-03-07
Q139648552,P2632,Q140459728,A-Few-Days,1942-08-04,1942-08-05
Q139644212,P2632,Q140459535,A-Few-Days,1945-01-18,1945-02-14
Q139643630,P2632,Q637411,A-Few-Days,1945-02-21,1945-03-29
Q139636318,P2632,Q3654674,A-Few-Days,1941-10-15,1942-02-17
Q138360980,P2632,Q28717972,A-Few-Days,1943-02-25,1943-02-27
Q138359424,P2632,Q15204401,A-Few-Days,1942-11-26,1943-02-24
Q138377952,P2632,Q2217762,A-Few-Days,1943-05-04,1944-08-06
Q139647794,P2632,Q140459448,A-Few-Days,1943-01-23,1943-01-29
Q138606783,P2632,Q28717972,A-Few-Days,1943-02-25,1943-02-27
Q138607226,P2632,Q140459443,A-Few-Days,1942-10-28,1942-11-26
Q138362031,P2632,Q140459760,A-Few-Days,1944-06-07,1945-01-27
Q138606803,P2632,Q7393493,A-Few-Days,1942-11-26,1942-11-30
Q138695500,P2632,Q140458793,A-Few-Days,1942-12-11,1942-12-12
Q138607683,P2632,Q21899380,A-Few-Days,1943-02-28,1943-03-02
Q139649533,P2632,Q140458872,A-Few-Days,1944-11-02,1944-11-04
Q139638233,P2632,Q2217762,A-Few-Days,1943-07-08,1943-07-18
Q26771377,P2632,Q140459443,A-Few-Days,1942-10-28,1942-11-26
Q138606838,P2632,Q140459458,A-Few-Days,1943-03-03,1943-03-03
Q139650698,P2632,Q140459747,A-Few-Days,1943-08-16,1943-08-18
Q138695510,P2632,Q7393493,A-Few-Days,1942-11-26,1942-11-30
Q138606855,P2632,Q21899380,A-Few-Days,1943-02-28,1943-03-02
Q139634228,P2632,Q140458793,A-Few-Days,1942-07-10,1942-07-18
Q139640161,P2632,Q140459442,A-Few-Days,1941-12-02,1941-12-28
Q138606910,P2632,Q7393493,A-Few-Days,1942-11-26,1942-11-30
Q138607183,P2632,Q140459458,A-Few-Days,1942-12-01,1943-02-04
Q139629552,P2632,Q2217762,A-Few-Days,1944-06-07,1944-08-10
Q138368443,P2632,Q140459441,A-Few-Days,1945-02-20,
Q138687059,P2632,Q7393493,A-Few-Days,1942-11-26,1942-11-30
Q119238334,P6,Q460416,A-Few-Days,1950-02-01,1954-01-20
Q139645783,P2632,Q140458793,A-Few-Days,1942-08-03,1942-08-06
Q139649446,P2632,Q140459442,A-Few-Days,1944-02-17,1944-01-24
Q138359487,P2632,Q637411,A-Few-Days,1944-05-25,1944-09-06
Q138606819,P2632,Q15204401,A-Few-Days,1942-12-02,1943-02-24
Q138607268,P2632,Q15204401,A-Few-Days,1942-10-26,1942-10-28
Q26975,P2632,Q15204401,A-Few-Days,1942-10-26,1942-10-28
Q138692869,P2632,Q15204401,A-Few-Days,1942-10-26,1942-10-28
Q138359407,P2632,Q15204401,A-Few-Days,1943-02-23,1943-02-24
Q25430444,P2632,Q140459458,A-Few-Days,1942-12-01,
Q139640809,P2632,Q140459506,A-Few-Days,1941-05-28,1941-07-06
Q139641760,P2632,Q637411,A-Few-Days,1942-03-30,1942-03-31
Q138607738,P2632,Q140459458,A-Few-Days,1943-03-03,1943-03-03
Q138687039,P2632,Q28717972,A-Few-Days,1943-02-25,1943-02-27
Q138361038,P2632,Q140459434,A-Few-Days,1942-10-11,
Q138607024,P2632,Q7393493,A-Few-Days,1942-11-26,1942-11-30
Q138607207,P2632,Q140459443,A-Few-Days,1942-10-28,1942-11-26
Q138369595,P2632,Q140458793,A-Few-Days,1943-11-11,1943-11-18
Q131825072,P2825,Q10717,A-Few-Days,1929-08-05,1929-08-10
Q138606786,P2632,Q21899380,A-Few-Days,1943-02-28,1943-03-02
Q139639036,P2632,Q140459616,A-Few-Days,1943-12-18,1943-12-19
Q138607114,P2632,Q15204401,A-Few-Days,1942-11-26,1943-02-24
Q138373804,P2632,Q140459448,A-Few-Days,1944-07-29,1944-08-04
Q139646210,P2632,Q637411,A-Few-Days,1945-04-07,1945-05-08
Q139645788,P2632,Q140458793,A-Few-Days,1942-08-03,1942-08-06
Q138606823,P2632,Q140459458,A-Few-Days,1943-03-03,1943-03-03
Q139658645,P2632,Q140458793,A-Few-Days,1944-02-03,1944-02-03
Q138607423,P2632,Q140459458,A-Few-Days,1942-12-01,1943-01-14
Q138606936,P2632,Q7393493,A-Few-Days,1942-11-26,1942-11-30
Q138607006,P2632,Q140458793,A-Few-Days,1942-11-26,1942-11-26
Q138377632,P2632,Q140458962,A-Few-Days,1944-07-05,1944-07-12
Q138606818,P2632,Q140459443,A-Few-Days,1942-10-28,1942-11-26
Q138607469,P2632,Q7393493,A-Few-Days,1942-11-26,1942-11-30
Q138607291,P2632,Q15204401,A-Few-Days,1942-10-26,1942-10-28
Q17120088,P2632,Q637411,A-Few-Days,1941-06-20,1941-12-24
Q138710075,P2632,Q15204401,A-Few-Days,1942-10-26,1942-10-28
Q138360983,P2632,Q21899380,A-Few-Days,1943-02-28,1943-03-02
Q138362491,P2632,Q637411,A-Few-Days,1945-02-20,1945-05-08
Q116171719,P2632,Q140459443,A-Few-Days,1942-10-28,1942-11-26
Q139645321,P2632,Q140459448,A-Few-Days,1944-07-03,1944-07-05
Q138606825,P2632,Q140459458,A-Few-Days,1943-03-03,1943-03-03
Q99539212,P3156,Q26708078,A-Few-Days,2020-04-09,2020-04-16
Q139637768,P2632,Q140459448,A-Few-Days,1943-01-23,1943-01-29
Q139638737,P2632,Q140459146,A-Few-Days,1943-10-27,1943-10-29
Q138373568,P2632,Q140459616,A-Few-Days,1942-08-12,1942-09-10
Q139630663,P2632,Q140459491,A-Few-Days,1943-04-07,1943-04-09
Q139637170,P2632,Q637411,A-Week,1944-09-22,1944-10-26
Q138372349,P2632,Q140459748,A-Week,1944-04-04,1944-04-25
Q139647075,P2632,Q140459599,A-Week,1942-05-06,1942-05-08
Q138366131,P2632,Q140458793,A-Week,1943-11-16,1943-12-08
Q139649002,P2632,Q140459728,A-Week,1944-03-18,1944-03-18
Q138374669,P2632,Q140459441,A-Week,1941-11-17,1941-12-04
Q139646580,P2632,Q140458793,A-Week,1942-03-21,1942-03-29
Q139646644,P2632,Q637411,A-Week,1942-04-12,1942-04-28
Q138371854,P2632,Q140458872,A-Week,1944-02-24,1944-02-26
Q139644044,P2632,Q140459418,A-Week,1942-04-11,1944-11-21
Q138372508,P2632,Q140459442,A-Week,1941-09-17,1941-09-25
Q138369585,P2632,Q140459748,A-Week,1943-02-04,1943-02-14
Q139648267,P2632,Q140458793,A-Week,1943-01-04,1943-01-22
Q139637834,P2632,Q140459146,A-Week,1942-08-26,1942-08-29
Q139641015,P2632,Q140459442,A-Week,1941-10-22,1941-11-01
Q138372600,P2632,Q140459418,A-Week,1942-03-25,1942-11-04
Q110860320,P1410,3.0,A-Week,2010-04-12,2010-04-12
Q138028870,P276,Q3503735,A-Week,2026-05-02,2026-05-03
Q139625079,P2632,Q140458872,A-Week,1943-12-03,1943-12-04
Q139653393,P2632,Q140459448,A-Week,1944-12-13,1944-12-20
Q139656054,P2632,Q637411,A-Week,1943-06-04,1943-09-30
Q138369325,P2632,Q15204401,A-Week,1942-11-26,1942-12-10
Q138359519,P2632,Q140459448,A-Week,1942-02-25,1942-03-13
Q139629116,P2632,Q140458875,A-Week,1944-12-04,1944-12-05
Q670891,P276,Q1741,A-Week,1927-02-22,1927-02-23
Q138371757,P2632,Q140458793,A-Week,1945-02-24,1945-02-27
Q139631361,P2632,Q140459419,A-Week,1944-06-09,
Q138380629,P2632,Q140459448,A-Week,1944-11-07,1944-11-28
Q138374442,P2632,Q2217762,A-Week,1943-04-19,1944-07-25
Q139645609,P2632,Q140459506,A-Week,1942-07-25,1942-08-03
Q138361891,P2632,Q637411,A-Week,1942-11-11,1944-02-16
Q139647550,P2632,Q140459335,A-Week,1945-03-01,1945-03-10
Q131933143,P1410,3.0,A-Week,2026-03-28,2026-04-04
Q5653955,P2632,Q637411,A-Week,1945-01-24,1945-02-07
Q138368970,P2632,Q140459442,A-Week,1942-12-01,1942-12-04
Q138376259,P2632,Q140459448,A-Week,1945-02-22,1945-03-03
Q139641618,P2632,Q637411,A-Week,1945-03-01,1945-05-08
Q139641013,P2632,Q637411,A-Week,1945-02-24,1945-05-08
Q138359426,P2632,Q140458868,A-Week,1943-01-30,1943-02-13
Q139638131,P2632,Q140459448,A-Week,1943-10-21,1943-12-21
Q139647757,P2632,Q2217762,A-Week,1942-09-23,1942-10-02
Q139644898,P2632,Q138390853,A-Week,1941-05-31,1941-06-07
Q138369090,P2632,Q140459461,A-Week,1942-03-22,1942-03-26
Q6371943,P2632,Q140458793,A-Week,1942-03-20,1942-03-29
Q139639909,P2632,Q15204401,A-Week,1944-01-28,1944-02-08
Q138369787,P2632,Q140459457,A-Week,1944-10-10,1944-11-03
Q139646389,P2632,Q140459442,A-Week,1942-04-01,1942-04-09
Q139658221,P2632,Q140458819,A-Week,1943-07-06,1943-07-12
Q138375851,P2632,Q140458828,A-Week,1944-01-05,1944-01-12
Q537983,P2291,Q719415,A-Week,1972-03-05,1972-03-11
Q139658367,P2632,Q140458793,A-Week,1944-07-03,1944-07-22
Q139652463,P2632,Q637411,A-Week,1944-08-11,1945-05-08
Q139634108,P2632,Q140458874,A-Week,1942-04-16,1942-04-16
Q138607383,P2632,Q637411,A-Week,1943-02-15,1943-06-10
Q139657097,P2632,Q140459441,A-Week,1942-12-29,1943-04-07
Q139651558,P2632,Q140458793,A-Week,1943-01-19,1943-02-06
Q115033705,P276,Q501796,A-Week,2022-09-17,2022-09-18
Q139629802,P2632,Q140459448,A-Week,1944-05-18,1944-05-29
Q139651995,P2632,Q140459748,A-Week,1944-05-30,1944-05-31
Q138373957,P2632,Q140459441,A-Week,1942-04-30,1942-05-21
Q138376399,P2632,Q140459748,A-Week,1944-09-09,
Q138368919,P2632,Q140459748,A-Week,1943-08-27,1943-08-27
Q139641028,P2632,Q140459491,A-Week,1942-01-24,1942-02-25
Q139642031,P2632,Q140459448,A-Week,1942-08-23,1942-08-31
Q139651417,P2632,Q140459448,A-Week,1944-09-05,1944-09-09
Q138365671,P2632,Q140459468,A-Week,1942-04-01,1942-04-10
Q139639202,P2632,Q637411,A-Week,1944-09-14,1945-05-08
Q139640265,P2632,Q140459442,A-Week,1942-12-21,1942-12-28
Q139642723,P2632,Q140459491,A-Week,1945-01-27,1945-02-14
Q138376631,P2632,Q140459448,A-Week,1944-03-04,1944-05-25
Q138372434,P2632,Q140459146,A-Week,1944-01-21,1944-01-29
Q139653092,P2632,Q140459535,A-Week,1944-08-11,1944-09-20
Q138372480,P2632,Q2217762,A-Week,1944-04-18,1945-05-08
Q138607105,P2632,Q28717972,A-Week,1943-02-25,1943-02-27
Q139653398,P2632,Q637411,A-Week,1944-09-22,1945-05-08
Q110860274,P1410,1.0,A-Week,2018-05-22,2018-05-27
Q138372501,P2632,Q140459146,A-Week,1943-08-12,1943-09-07
Q138372696,P2632,Q637411,A-Week,1943-02-25,1943-06-28
Q138362379,P2632,Q637411,A-Week,1944-09-22,
Q138361987,P2632,Q140459448,A-Week,1943-12-09,1943-03-14
Q47490013,P2632,Q140459370,A-Week,1941-03-30,1941-04-03
Q139652444,P2632,Q637411,A-Week,1944-08-11,1945-05-08
Q139637131,P2632,Q140459448,A-Week,1944-07-10,1944-09-11
Q138367072,P2632,Q140458828,A-Week,1944-04-20,1944-05-09
Q138368088,P2632,Q140458839,A-Week,1943-07-07,1943-07-08
Q138380843,P2632,Q140459728,A-Week,1943-11-10,1943-11-10
Q138376691,P2632,Q140459491,A-Week,1945-02-14,1945-02-22
Q138361988,P2632,Q2217762,A-Week,1944-09-10,1944-09-19
Q138374727,P2632,Q140458793,A-Week,1944-04-03,1944-04-20
Q138374794,P2632,Q140458868,A-Week,1944-09-12,1944-09-12
Q139644512,P2632,Q2217762,A-Week,1944-09-11,1944-09-24
Q138363434,P2632,Q2217762,A-Week,1942-08-06,1942-10-10
Q139636857,P2632,Q140459330,A-Week,1942-04-30,1942-05-16
Q139638229,P2632,Q140458773,A-Week,1944-04-22,1944-05-03
Q138377121,P2632,Q140459457,A-Week,1941-05-01,1941-05-04
Q139652041,P2632,Q2217762,A-Week,1944-09-10,1944-09-20
Q88563037,P582,2020-03-31T00:00:00Z,A-Week,2020-03-19,2020-03-26
Q138380626,P2632,Q140459441,A-Week,1944-11-23,
Q89128093,P582,2020-04-20T00:00:00Z,A-Week,2020-04-20,
Q138607563,P2632,Q7393493,A-Week,1942-11-26,1942-11-30
Q110860687,P1410,1.0,A-Few-Weeks,2010-03-14,2010-03-17
Q139648738,P2632,Q140459439,A-Few-Weeks,1942-03-20,1942-03-30
Q138359450,P2632,Q140459458,A-Few-Weeks,1943-03-03,1943-03-03
Q139657466,P2632,Q637411,A-Few-Weeks,1943-04-16,1943-04-18
Q139656396,P2632,Q140459491,A-Few-Weeks,1943-04-13,1943-05-04
Q443777,P39,Q55755578,A-Few-Weeks,1973-08-09,1973-08-23
Q139635750,P2632,Q140459441,A-Few-Weeks,1944-02-05,1944-03-15
Q139641850,P2632,Q2217762,A-Few-Weeks,1942-10-09,1942-11-25
Q138377853,P2632,Q140459342,A-Few-Weeks,1944-08-23,1944-09-13
Q139643263,P2632,Q140459491,A-Few-Weeks,1941-08-12,1941-10-04
Q139652522,P2632,Q140459448,A-Few-Weeks,1944-05-06,1944-05-30
Q138374109,P2632,Q637411,A-Few-Weeks,1944-07-07,1944-08-10
Q28718416,P2632,Q637411,A-Few-Weeks,1942-12-02,1945-05-02
Q138380526,P2632,Q2217762,A-Few-Weeks,1944-09-07,1944-11-02
Q138377176,P2632,Q140459491,A-Few-Weeks,1944-11-11,1944-11-24
Q139634915,P2632,Q140459748,A-Few-Weeks,1943-12-09,1943-12-21
Q139632397,P2632,Q140458874,A-Few-Weeks,1942-08-18,1942-08-18
Q138606964,P2632,Q140459443,A-Few-Weeks,1942-10-28,1942-11-26
Q138370488,P2632,Q140458793,A-Few-Weeks,1944-04-25,1944-05-05
Q138699506,P2632,Q140459458,A-Few-Weeks,1942-12-01,1943-01-14
Q138606990,P2632,Q28717972,A-Few-Weeks,1943-02-25,1943-02-27
Q138368415,P2632,Q637411,A-Few-Weeks,1944-06-26,1944-10-19
Q138364214,P2632,Q15204401,A-Few-Weeks,1944-07-08,1944-07-28
Q138359482,P2632,Q140459506,A-Few-Weeks,1941-10-20,1942-01-22
Q139655831,P2632,Q140458774,A-Few-Weeks,1944-06-10,1944-09-04
Q138362021,P2632,Q140458875,A-Few-Weeks,1944-05-19,1944-05-26
Q139631218,P2632,Q140459146,A-Few-Weeks,1942-04-28,1942-05-01
Q139658036,P2632,Q637411,A-Few-Weeks,1944-05-09,1944-06-17
Q138372980,P2632,Q140458793,A-Few-Weeks,1944-05-01,1944-06-03
Q139655941,P2632,Q140458828,A-Few-Weeks,1944-10-26,1944-10-28
Q138607255,P2632,Q140458793,A-Few-Weeks,1943-12-21,1943-01-07
Q139647443,P2632,Q140459760,A-Few-Weeks,1944-07-02,1944-07-19
Q139637950,P2632,Q637411,A-Few-Weeks,1944-09-15,1944-09-19
Q139647414,P2632,Q140458773,A-Few-Weeks,1943-11-01,1943-11-23
Q138606914,P2632,Q7393493,A-Few-Weeks,1942-11-26,1942-11-30
Q138376171,P2632,Q637411,A-Few-Weeks,1944-08-10,1945-02-04
Q139648790,P2632,Q140459448,A-Few-Weeks,1944-08-25,1944-09-02
Q139639156,P2632,Q140459448,A-Few-Weeks,1942-04-08,1942-04-13
Q139641830,P2632,Q15204401,A-Few-Weeks,1942-11-25,1942-12-10
Q138361036,P2632,Q140459748,A-Few-Weeks,1944-10-20,1944-10-21
Q139652327,P2632,Q2217762,A-Few-Weeks,1944-09-10,1944-09-20
Q138367179,P2632,Q140459448,A-Few-Weeks,1944-04-29,1944-12-20
Q138378475,P2632,Q140459448,A-Few-Weeks,1944-07-29,1944-09-11
Q138374839,P2632,Q140459441,A-Few-Weeks,1942-10-15,1942-10-21
Q139648908,P2632,Q2217762,A-Few-Weeks,1942-08-24,1942-09-17
Q139634444,P2632,Q140459146,A-Few-Weeks,1944-07-26,1944-08-04
Q138363992,P2632,Q637411,A-Few-Weeks,1943-07-19,1943-07-26
Q139641802,P2632,Q637411,A-Few-Weeks,1945-03-02,1945-05-08
Q139653051,P2632,Q140459456,A-Few-Weeks,1943-03-20,1943-03-25
Q139636462,P2632,Q7393493,A-Few-Weeks,1943-12-09,1943-12-11
Q138374761,P2632,Q140459146,A-Few-Weeks,1942-02-24,1942-03-16
Q138361413,P2632,Q140459443,A-Few-Weeks,1942-10-28,1942-11-26
Q111977647,P2632,Q318861,A-Few-Weeks,1945-02-06,1945-02-28
Q139651501,P2632,Q140459442,A-Few-Weeks,1945-02-24,1945-04-12
Q139635726,P2632,Q140458828,A-Few-Weeks,1944-03-03,1944-03-09
Q139641189,P2632,Q637411,A-Few-Weeks,1945-02-24,1945-05-08
Q138363929,P2632,Q140459457,A-Few-Weeks,1944-12-16,
Q139643390,P2632,Q140459491,A-Few-Weeks,1943-08-02,1943-08-18
Q139653168,P2632,Q140459456,A-Few-Weeks,1943-07-13,1943-07-15
Q139629713,P2632,Q2217762,A-Few-Weeks,1944-06-07,1944-08-10
Q138375853,P2632,Q140459491,A-Few-Weeks,1944-09-13,1944-10-24
Q139647709,P2632,Q2217762,A-Few-Weeks,1944-09-10,1944-09-20
Q139650410,P2632,Q140458793,A-Few-Weeks,1943-08-11,1943-08-21
Q139639260,P2632,Q2217762,A-Few-Weeks,1945-03-20,1945-05-08
Q138369007,P2632,Q140459436,A-Few-Weeks,1944-12-02,1944-12-28
Q139636947,P2632,Q140459506,A-Few-Weeks,1943-08-28,1943-11-20
Q138375258,P2632,Q2217762,A-Few-Weeks,1944-09-30,1945-05-08
Q139631231,P2632,Q140458872,A-Few-Weeks,1944-01-17,1944-01-18
Q138361824,P2632,Q2217762,A-Few-Weeks,1944-08-23,1944-09-22
Q139646378,P2632,Q637411,A-Few-Weeks,1942-04-22,1943-12-11
Q138372767,P2632,Q140459457,A-Few-Weeks,1944-03-29,1944-04-15
Q139638180,P2632,Q637411,A-Few-Weeks,1942-08-18,1942-12-02
Q88592565,P582,2020-04-08T00:00:00Z,A-Few-Weeks,2020-03-23,2020-04-06
Q139645256,P2632,Q140459146,A-Few-Weeks,1944-04-18,1944-04-20
Q138378140,P2632,Q140459381,A-Few-Weeks,1943-09-08,
Q23786075,P276,Q676017,A-Few-Weeks,2016-07-09,2016-07-10
Q23944650,P2632,Q140459146,A-Few-Weeks,1942-10-07,1942-10-08
Q138372811,P2632,Q140458897,A-Few-Weeks,1943-03-04,1943-04-10
Q138380563,P2632,Q140459448,A-Few-Weeks,1944-10-06,1944-10-30
Q138373899,P2632,Q140459448,A-Few-Weeks,1943-11-24,1943-12-03
Q118948462,P2632,Q47515834,A-Few-Weeks,1944-06-17,1945-05-08
Q48754487,P1029,Q4526650,A-Few-Weeks,1937-09-13,1937-09-22
Q139642088,P2632,Q140459448,A-Few-Weeks,1941-12-07,1942-01-20
Q138376414,P2632,Q140459441,A-Few-Weeks,1943-12-09,1943-12-09
Q138364101,P2632,Q2217762,A-Few-Weeks,1944-11-19,1945-01-19
Q133543495,P2632,Q637411,A-Few-Weeks,1943-02-07,1944-05-09
Q138364774,P2632,Q140459448,A-Few-Weeks,1945-03-05,1945-03-06
Q138359663,P2632,Q637411,A-Few-Weeks,1942-03-26,1942-03-31
Q138367256,P2632,Q140459448,A-Few-Weeks,1944-08-18,1944-09-11
Q138370904,P2632,Q637411,A-Few-Weeks,1942-11-12,1942-12-14
Q138373556,P2632,Q140459535,A-Few-Weeks,1944-06-15,1944-07-12
Q138606897,P2632,Q140459443,A-Few-Weeks,1942-10-31,1942-11-26
Q139658346,P2632,Q637411,A-Few-Weeks,1944-07-25,1944-01-01
Q139656600,P2632,Q140459491,A-Few-Weeks,1943-05-11,1943-05-26
Q138374437,P2632,Q140459448,A-Few-Weeks,1944-08-16,1944-08-21
Q139649290,P2632,Q2217762,A-Few-Weeks,1944-09-30,1944-12-12
Q139634866,P2632,Q140458793,A-Few-Weeks,1944-06-06,1944-07-01
Q139627614,P2632,Q140459448,A-Few-Weeks,1941-12-18,1941-12-20
Q138376430,P2632,Q140459146,A-Few-Weeks,1944-06-28,1944-07-19
Q139625840,P2632,Q637411,A-Few-Weeks,1944-10-26,1945-05-08
Q139638885,P2632,Q140459146,A-Month,1941-11-10,1941-11-25
Q138607155,P2632,Q140459441,A-Month,1942-02-13,1942-05-13
Q139650103,P2632,Q140458793,A-Month,1944-11-23,1944-12-13
Q705179,P1352,15.0,A-Month,2018-06-01,
Q138375107,P2632,Q140459419,A-Month,1944-09-07,1945-01-30
Q26256161,P276,Q11357837,A-Month,1983-01-08,1983-02-13
Q139652135,P2632,Q637411,A-Month,1944-09-22,1945-05-08
Q138377961,P2632,Q140459344,A-Month,1943-01-17,1943-03-02
Q964024,P31,Q3624078,A-Month,1918-02-06,1918-03-27
Q139641549,P2632,Q15204401,A-Month,1942-11-26,1943-02-01
Q139650004,P2632,Q140459441,A-Month,1944-08-16,1944-11-27
Q689619,P4791,Q57253,A-Month,1937-07-31,1937-08-15
Q138370855,P2632,Q2217762,A-Month,1944-10-14,1945-01-19
Q139645569,P2632,Q140459442,A-Month,1942-07-02,1942-07-04
Q21027989,P1352,22.0,A-Month,2015-12-01,2016-01-01
Q115018285,P276,Q49208,A-Month,1921-03-02,1921-03-23
Q139648519,P2632,Q140459448,A-Month,1945-01-11,1945-03-14
Q330988,P6,Q379203,A-Month,1976-04-04,1976-04-11
Q138366430,P2632,Q637411,A-Month,1944-09-22,1945-04-27
Q139641321,P2632,Q140459748,A-Month,1945-03-01,1945-03-01
Q138607652,P2632,Q637411,A-Month,1944-07-18,1944-09-06
Q110860660,P1410,6.0,A-Month,2011-01-23,2014-03-31
Q139651419,P2632,Q140459456,A-Month,1943-03-05,1943-03-05
Q258610,P1352,35.0,A-Month,2015-11-01,2015-11-01
Q139658116,P2632,Q637411,A-Month,1944-06-03,1944-08-10
Q138380606,P2632,Q140459448,A-Month,1945-04-12,1945-04-18
Q139646026,P2632,Q140459441,A-Month,1942-10-20,1942-12-04
Q139645187,P2632,Q140459448,A-Month,1943-06-03,1943-08-11
Q139648643,P2632,Q140459616,A-Month,1942-08-12,1942-08-20
Q139629070,P2632,Q140458828,A-Month,1944-06-09,1944-06-10
Q139653154,P2632,Q140459456,A-Month,1943-03-06,1943-03-06
Q139652988,P2632,Q140459448,A-Month,1942-12-13,1942-12-16
Q138375046,P2632,Q637411,A-Month,1943-05-08,1943-12-19
Q139656024,P2632,Q2217762,A-Month,1944-10-18,1945-01-19
Q139633506,P2632,Q637411,A-Month,1944-03-15,
Q30128441,P1352,7.0,A-Month,2017-11-01,2017-11-01
Q1144791,P17,Q33,A-Month,1917-12-06,1944-09-19
Q138370624,P2632,Q2217762,A-Month,1944-11-19,1945-01-19
Q138371347,P2632,Q15204401,A-Month,1944-04-27,1944-07-26
Q138370390,P2632,Q140459371,A-Month,1945-04-30,
Q138363553,P2632,Q140459146,A-Month,1942-08-04,1942-08-06
Q139642404,P2632,Q11967915,A-Month,1944-01-18,1944-04-05
Q139650702,P2632,Q140459441,A-Month,1943-01-28,1943-04-20
Q139640681,P2632,Q140459506,A-Month,1941-10-04,1941-11-18
Q138371876,P2632,Q15204401,A-Month,1942-06-11,1942-07-31
Q18119637,P39,Q110994624,A-Month,2014-05-27,2014-08-01
Q139652734,P2632,Q140459448,A-Month,1944-06-19,1944-09-11
Q139637779,P2632,Q140459448,A-Month,1942-09-07,1942-10-23
Q138380751,P2632,Q2217762,A-Month,1944-01-25,1944-05-07
Q138377436,P2632,Q637411,A-Month,1943-12-03,1943-12-18
Q139637103,P2632,Q140459386,A-Month,1943-06-10,1943-08-30
Q139653446,P2632,Q140459448,A-Month,1943-12-22,1944-01-13
Q138371086,P2632,Q140459310,A-Month,1944-08-21,1944-10-10
Q20107451,P2632,Q312478,A-Month,1944-11-28,1945-04-21
Q458310,P1352,324.0,A-Month,2018-05-01,2018-05-01
Q139635385,P2632,Q637411,A-Month,1943-05-23,1943-07-29
Q139655959,P2632,Q2217762,A-Month,1944-11-19,1945-01-19
Q138371130,P2632,Q140459310,A-Month,1944-12-17,1945-02-21
Q1372937,P17,Q33,A-Month,1917-12-06,1997-08-31
Q139643248,P2632,Q140459498,A-Month,1944-10-12,1944-12-10
Q104891144,P276,Q104900234,A-Month,1986-04-23,1986-05-11
Q139649546,P2632,Q140459457,A-Month,1944-05-25,1944-06-07
Q470010,P1352,125.0,A-Month,2016-05-01,2016-05-01
Q139638656,P2632,Q2217762,A-Month,1944-12-02,1945-01-02
Q4723562,P2632,Q140459310,A-Month,1944-10-07,1944-11-17
Q139637251,P2632,Q140459448,A-Month,1944-06-07,1944-09-09
Q138362899,P2632,Q637411,A-Month,1943-01-23,1943-02-15
Q2240766,P1410,6.0,A-Month,2018-05-22,2018-05-27
Q138375250,P2632,Q11967915,A-Month,1943-09-28,1943-11-20
Q138368321,P2632,Q140459310,A-Month,1944-10-19,1944-11-11
Q139649145,P2632,Q2217762,A-Month,1945-01-06,1945-05-08
Q30164739,P39,Q30524710,A-Month,2019-09-22,2019-10-17
Q138370494,P2632,Q140459419,A-Month,1944-09-07,
Q973508,P1352,142.0,A-Month,2016-07-01,2016-07-01
Q138361067,P2632,Q140459448,A-Month,1944-12-19,1945-01-05
Q2413242,P1410,2.0,A-Month,2010-04-06,2010-04-13
Q138380791,P2632,Q154498,A-Month,1944-01-12,
Q5901753,P1352,24.0,A-Month,2017-07-01,2017-07-01
Q139642559,P2632,Q140459457,A-Month,1944-10-16,1945-02-05
Q138374157,P2632,Q140459457,A-Month,1944-04-03,1944-04-17
Q138375216,P2632,Q140459491,A-Month,1942-07-22,
Q139638107,P2632,Q7393493,A-Month,1943-12-09,1943-12-11
Q139645088,P2632,Q2217762,A-Month,1945-01-06,1945-03-14
Q139627569,P2632,Q140459419,A-Month,1944-03-22,1944-07-01
Q254995,P1352,3.0,A-Month,2016-09-01,2016-12-01
Q139642510,P2632,Q140459491,A-Month,1941-10-13,1941-10-13
Q119170515,P276,Q618988,A-Month,2023-08-19,2023-08-20
Q5969329,P2632,Q637411,A-Month,1944-03-11,1944-04-27
Q138378168,P2632,Q140459491,A-Month,1942-02-26,1942-03-11
Q138373103,P2632,Q2217762,A-Month,1944-11-19,1945-01-19
Q138377887,P2632,Q140459616,A-Month,1944-12-04,1944-12-15
Q138359395,P2632,Q140459748,A-Month,1943-11-15,1943-12-21
Q138369292,P2632,Q637411,A-Month,1944-11-16,1945-04-07
Q138363750,P2632,Q637411,A-Month,1942-10-05,1943-04-30
Q111257073,P1410,3.0,A-Month,2010-03-15,2010-03-16
Q3120927,P1352,23.0,A-Month,2015-09-01,2015-09-01
Q139657900,P2632,Q637411,A-Month,1944-06-28,1944-07-07
Q139656125,P2632,Q140459442,A-Month,1943-08-28,1945-04-12
Q138360932,P2632,Q2217762,A-Month,1945-01-06,1945-03-14
Q138366686,P2632,Q140459748,A-Month,1945-01-25,1945-03-14
Q139643088,P2632,Q154498,A-Few-Months,1945-02-11,
Q139630284,P2632,Q140459448,A-Few-Months,1945-03-14,1945-03-14
Q25252555,P468,Q23008953,A-Few-Months,2018-10-01,2019-09-01
Q138359374,P2632,Q637411,A-Few-Months,1943-08-19,1943-12-09
Q137803252,P276,Q16928213,A-Few-Months,2016-06-02,2016-07-22
Q3616,P6,Q30323771,A-Few-Months,2018-11-28,2021-08-08
Q139643082,P2632,Q11967915,A-Few-Months,1943-11-04,1944-01-05
Q138372924,P2632,Q140459491,A-Few-Months,1943-11-04,1944-05-09
Q139645345,P2632,Q140459457,A-Few-Months,1942-08-26,
Q139656253,P2632,Q140459441,A-Few-Months,1943-12-03,1945-04-05
Q139630999,P2632,Q140459491,A-Few-Months,1945-03-28,1945-04-06
Q50738495,P39,Q4047513,A-Few-Months,2019-04-30,2019-10-03
Q110860361,P1410,4.0,A-Few-Months,2010-03-23,2010-05-17
Q349024,P39,Q27169,A-Few-Months,2007-01-01,2007-12-09
Q4052067,P361,Q1527672,A-Few-Months,1942-01-22,1942-08-31
Q110860619,P1410,3.0,A-Few-Months,2009-02-23,2010-04-05
Q138380896,P2632,Q140459442,A-Few-Months,1944-06-27,1944-09-26
Q138360531,P2632,Q140459442,A-Few-Months,1942-11-20,1942-11-25
Q138361868,P2632,Q140459441,A-Few-Months,1941-07-31,1942-02-13
Q139650670,P2632,Q11967915,A-Few-Months,1944-09-23,1945-01-09
Q132885,P286,Q558689,A-Few-Months,2015-08-19,2016-04-19
Q139631181,P2632,Q11967915,A-Few-Months,1945-01-25,
Q112194867,P31,Q112187609,A-Few-Months,1942-01-28,1943-06-22
Q139658469,P2632,Q637411,A-Few-Months,1943-07-19,1944-02-02
Q138376008,P2632,Q2217762,A-Few-Months,1944-04-27,1944-06-20
Q139658353,P2632,Q140459441,A-Few-Months,1940-06-28,1940-07-03
Q5622269,P39,Q41582585,A-Few-Months,1923-12-06,1924-10-09
Q76022851,P276,Q639791,A-Few-Months,2018-11-12,2019-03-31
Q22255075,P608,Q56242284,A-Few-Months,2009-02-05,2009-05-03
Q139649534,P2632,Q140459441,A-Few-Months,1941-03-23,1942-03-24
Q99689819,P2632,Q140459441,A-Few-Months,1943-02-23,1943-09-28
Q139658211,P2632,Q140459419,A-Few-Months,1944-03-22,1944-05-13
Q20733879,P551,Q1013633,A-Few-Months,1847-10-01,1849-01-01
Q138362332,P2632,Q140459310,A-Few-Months,1943-03-26,1943-07-25
Q139633642,P2632,Q140459444,A-Few-Months,1944-11-11,
Q138607237,P2632,Q15204401,A-Few-Months,1941-11-07,1941-12-15
Q10298736,P410,Q15811059,A-Few-Months,1940-07-01,1941-07-01
Q2821224,P39,Q114757954,A-Few-Months,2024-01-02,2024-05-24
Q19841158,P54,Q16685393,A-Few-Months,2017-08-01,2018-01-01
Q138375883,P2632,Q140459442,A-Few-Months,1943-06-08,
Q133145892,P1352,178.0,A-Few-Months,2023-06-01,2023-11-01
Q75818970,P39,Q136468842,A-Few-Months,2025-03-26,2026-03-26
Q138359423,P2632,Q140459441,A-Few-Months,1943-12-08,1943-12-08
Q138362929,P2632,Q45476681,A-Few-Months,1942-07-31,
Q139635126,P2632,Q140459433,A-Few-Months,1945-01-01,1945-01-01
Q139656186,P2632,Q140459442,A-Few-Months,1945-03-21,1945-05-08
Q139648151,P2632,Q2217762,A-Few-Months,1944-11-07,1945-03-14
Q138370303,P2632,Q140459442,A-Few-Months,1942-12-01,1942-12-16
Q114755798,P159,Q1794,A-Few-Months,2021-10-25,2022-09-06
Q139638075,P2632,Q637411,A-Few-Months,1944-09-15,1944-12-30
Q16838020,P286,Q136689680,A-Few-Months,2025-11-11,
Q1257626,P286,Q949463,A-Few-Months,2018-07-01,2019-01-01
Q5833576,P39,Q107978158,A-Few-Months,1927-02-11,1930-01-30
Q139637050,P2632,Q140459491,A-Few-Months,1943-01-29,1943-02-02
Q131994875,P2632,Q2653504,A-Few-Months,1943-06-11,1944-01-17
Q138372466,P2632,Q140458793,A-Few-Months,1942-12-15,1942-12-16
Q612949,P39,Q136039196,A-Few-Months,1990-08-04,1990-08-23
Q96206989,P793,Q110916241,A-Few-Months,2024-09-10,2024-09-15
Q104854226,P39,Q40257808,A-Few-Months,1874-01-31,1875-01-04
Q139633703,P2632,Q140459497,A-Few-Months,1944-02-20,1944-07-15
Q4052039,P361,Q163647,A-Few-Months,1941-01-27,1941-10-31
Q4052011,P361,Q2764565,A-Few-Months,1942-08-25,1943-03-01
Q332881,P2632,Q5635263,A-Few-Months,1999-06-29,1999-12-30
Q138377152,P2632,Q2217762,A-Few-Months,1942-10-30,1942-12-22
Q139652484,P2632,Q637411,A-Few-Months,1944-08-11,1945-05-08
Q138371865,P2632,Q140459457,A-Few-Months,1944-04-15,1944-04-17
Q2644133,P39,Q18043391,A-Few-Months,1983-02-23,1987-04-03
Q853508,P286,Q11886825,A-Few-Months,2019-05-23,2019-12-31
Q138370598,P2632,Q637411,A-Few-Months,1943-09-20,1943-09-30
Q17409260,P39,Q18924508,A-Few-Months,2014-10-27,2014-11-07
Q139654058,P2632,Q140458874,A-Few-Months,1942-08-25,1942-08-26
Q64620912,P39,Q55691776,A-Few-Months,1965-09-24,1966-08-06
Q121076501,P54,Q730219,A-Few-Months,2025-08-20,
Q111340783,P54,Q2948701,A-Few-Months,2021-07-01,2022-07-30
Q130297675,P54,Q39487082,A-Few-Months,2023-07-01,2023-12-01
Q24476315,P31,Q587682,A-Few-Months,1948-01-15,1948-03-15
Q138377515,P2632,Q637411,A-Few-Months,1943-05-04,1943-05-24
Q138371548,P2632,Q140459457,A-Few-Months,1945-02-12,
Q138366241,P2632,Q140459441,A-Few-Months,1943-01-20,1943-06-05
Q138373314,P2632,Q2217762,A-Few-Months,1944-05-30,1944-09-20
Q139644465,P2632,Q2217762,A-Few-Months,1944-09-10,1944-10-14
Q138370267,P2632,Q140458793,A-Few-Months,1944-02-24,1944-03-10
Q183,P6794,12.82,A-Few-Months,2025-01-01,
Q139655961,P2632,Q2217762,A-Few-Months,1944-10-14,1945-01-19
Q131625655,P54,Q2947239,A-Few-Months,2021-09-03,2022-01-31
Q2458665,P2632,Q870990,A-Few-Months,1944-01-17,1945-01-07
Q137761472,P2632,Q7079755,A-Few-Months,1942-05-16,1942-07-07
Q1547133,P286,Q18639354,A-Few-Months,2026-02-05,2026-06-05
Q139636949,P2632,Q140459507,A-Few-Months,1942-05-12,1944-01-17
Q475823,P366,Q8434,A-Few-Months,1940-09-04,1941-06-21
Q139635622,P2632,Q140459310,A-Few-Months,1944-03-09,1944-03-29
Q138360986,P2632,Q140459443,A-Few-Months,1942-11-02,1942-11-26
Q138373167,P2632,Q140459442,A-Few-Months,1941-10-11,1942-02-05
Q106849070,P276,Q238587,A-Few-Months,2017-10-26,2018-02-11
Q95385152,P54,Q315463,A-Few-Months,2022-06-01,
Q877630,P4791,Q65012401,A-Few-Months,1942-11-26,1943-07-13
Q864407,P2139,157403000000.0,A-Few-Months,2022-01-30,2023-01-29
Q138376733,P2632,Q138390853,A-Few-Months,1942-04-13,1942-05-13
Q125582581,P276,Q4804909,A-Few-Months,2024-09-13,2025-01-20
Q139657504,P2632,Q637411,A-Few-Months,1943-04-05,1943-08-05
Q6084616,P54,Q5136497,A-Year,2011-01-01,2011-01-01
Q19513820,P54,Q792916,A-Year,2011-01-01,2014-01-01
Q1362561,P54,Q1023028,A-Year,2011-01-01,2011-01-01
Q430107,P286,Q2426747,A-Year,2024-06-30,2026-02-14
Q98547846,P54,Q1022912,A-Year,2019-01-01,
Q3248802,P54,Q1062259,A-Year,2000-01-01,2001-01-01
Q3607631,P54,Q459794,A-Year,1984-01-01,1985-01-01
Q2666521,P3872,831998.0,A-Year,2016-04-01,2017-03-31
Q4842703,P54,Q1263906,A-Year,2013-01-01,2013-01-01
Q3847800,P54,Q1349814,A-Year,1991-01-01,1995-01-01
Q4013231,P54,Q3626877,A-Year,1954-01-01,1955-01-01
Q7178595,P54,Q1356582,A-Year,2009-01-01,2010-01-01
Q114342431,P54,Q2657829,A-Year,2016-01-01,2017-01-01
Q7184823,P54,Q5120301,A-Year,2000-01-01,2000-01-01
Q5560261,P54,Q4683227,A-Year,2004-01-01,2006-01-01
Q137891512,P54,Q7060381,A-Year,2022-01-01,2023-01-01
Q3809893,P54,Q3590274,A-Year,1994-01-01,1994-01-01
Q2057144,P54,Q289516,A-Year,2006-01-01,2006-01-01
Q65496374,P39,Q65494714,A-Year,1964-01-13,1964-04-20
Q6701457,P54,Q3148978,A-Year,2010-01-01,2011-01-01
Q1055367,P54,Q3590842,A-Year,1943-01-01,1944-01-01
Q6791735,P54,Q2087976,A-Year,2010-01-01,
Q314384,P39,Q20766109,A-Year,1928-05-21,1932-01-25
Q3492859,P54,Q749138,A-Year,2005-01-01,2005-01-01
Q6809821,P54,Q335137,A-Year,2012-01-01,2013-01-01
Q757104,P286,Q18128076,A-Year,2022-10-20,2022-12-31
Q22674382,P54,Q1621755,A-Year,2021-01-01,2022-01-01
Q7351707,P54,Q2134801,A-Year,2004-01-01,2005-01-01
Q164346,P2632,Q637411,A-Year,1941-09-12,1942-01-30
Q26263082,P54,Q281878,A-Year,2019-02-01,2020-09-01
Q1657617,P54,Q159936,A-Year,2006-01-01,2007-01-01
Q4776046,P54,Q1985954,A-Year,2013-01-01,2015-01-01
Q137887406,P54,Q926604,A-Year,1931-01-01,1932-01-01
Q112162980,P39,Q112162674,A-Year,2016-06-24,2018-02-06
Q136751887,P54,Q12236,A-Year,1960-01-01,1963-01-01
Q2092949,P54,Q732002,A-Year,2008-01-01,2008-01-01
Q1042510,P54,Q1237429,A-Year,2004-08-01,2004-12-31
Q3769375,P54,Q6651,A-Year,1976-01-01,1977-01-01
Q60462758,P54,Q299990,A-Year,2023-01-01,2024-01-01
Q17284960,P54,Q4647323,A-Year,1936-01-01,1938-01-01
Q357994,P54,Q18659,A-Year,2003-01-01,2006-01-01
Q5336648,P54,Q18661,A-Year,1922-01-01,1923-01-01
Q623862,P54,Q169985,A-Year,2008-01-01,2008-01-01
Q68780360,P54,Q47450893,A-Year,2020-01-01,2020-01-01
Q141266532,P54,Q245162,A-Year,1973-01-01,1974-01-01
Q97741605,P54,Q22097924,A-Year,2020-01-01,
Q2680826,P54,Q1437873,A-Year,2004-01-01,2004-01-01
Q16729279,P54,Q18126379,A-Year,2011-01-01,2012-01-01
Q4912262,P54,Q1059415,A-Year,2005-01-01,2006-01-01
Q15722274,P54,Q254658,A-Year,1982-01-01,1986-01-01
Q20641684,P54,Q305285,A-Year,2002-01-01,2002-01-01
Q3538556,P937,Q30,A-Year,2026-01-01,
Q2735245,P54,Q576285,A-Year,2008-01-01,2009-01-01
Q26130518,P54,Q208552,A-Year,2020-06-30,2023-07-04
Q4715361,P54,Q1985954,A-Year,2009-01-01,2009-01-01
Q120041295,P54,Q136193640,A-Year,2025-01-01,2026-01-01
Q4755599,P54,Q291447,A-Year,2007-01-01,2012-01-01
Q24568589,P39,Q41582545,A-Year,1831-04-28,1832-12-03
Q1408776,P54,Q298333,A-Year,1980-01-01,1981-01-01
Q2038076,P54,Q2039203,A-Year,2001-01-01,2003-01-01
Q21832667,P54,Q129673,A-Year,1987-01-01,1987-01-01
Q19560542,P54,Q47965,A-Year,1928-01-01,1929-01-01
Q8061497,P54,Q1269080,A-Year,2011-01-01,2012-01-01
Q7938724,P54,Q1269122,A-Year,2008-01-01,2008-01-01
Q8022132,P3872,96346.0,A-Year,2009-07-01,2010-06-01
Q1263226,P54,Q457460,A-Year,2006-01-01,2006-01-01
Q113367477,P54,Q29607899,A-Year,2023-01-01,2023-01-01
Q3260171,P54,Q584658,A-Year,1980-01-01,1981-01-01
Q5232840,P54,Q339560,A-Year,2005-01-01,2005-01-01
Q5347204,P54,Q1849295,A-Year,2011-01-01,2011-01-01
Q63242,P54,Q897228,A-Year,1993-01-01,2005-01-01
Q131703156,P54,Q124733296,A-Year,2022-01-01,2024-08-01
Q7035070,P54,Q1269122,A-Year,2010-01-01,
Q10698891,P279,Q60181400,A-Year,2006-01-01,2009-01-01
Q16235987,P54,Q510091,A-Year,2014-01-01,2015-01-01
Q5372536,P54,Q239663,A-Year,2008-01-01,2008-01-01
Q4440001,P54,Q727147,A-Year,2009-01-01,2009-01-01
Q111983149,P54,Q136653648,A-Year,2025-01-01,2025-01-01
Q1091645,P54,Q1091780,A-Year,2011-01-01,2012-01-01
Q16225893,P54,Q15711596,A-Year,2018-01-01,2021-01-01
Q3574506,P54,Q247577,A-Year,2013-10-27,
Q5229330,P54,Q3997037,A-Year,2010-01-01,
Q124452854,P39,Q76456555,A-Year,1878-01-01,1879-01-01
Q163992,P54,Q991519,A-Year,1994-01-01,1994-01-01
Q5181704,P3872,822852.0,A-Year,2013-07-01,2014-06-01
Q767739,P54,Q30634885,A-Year,2010-07-01,2010-12-31
Q2965063,P54,Q19516,A-Year,1976-01-01,1977-01-01
Q3770805,P54,Q8643,A-Year,1976-01-01,1978-01-01
Q3266082,P54,Q3589563,A-Year,1981-01-01,1981-01-01
Q2779307,P54,Q1045811,A-Year,2004-01-01,2006-01-01
Q50374664,P1998,TLT,A-Year,2020-01-01,2020-01-01
Q321418,P4791,Q18199467,A-Year,1941-12-18,1942-11-30
Q180735,P54,Q219120,A-Year,1998-01-01,2001-01-01
Q100718711,P54,Q5020508,A-Year,2023-01-01,2024-01-01
Q389477,P54,Q642669,A-Year,2013-01-01,2014-01-01
Q7938728,P54,Q2914689,A-Year,1986-01-01,1986-01-01
Q18708030,P54,Q7850723,A-Year,2005-01-01,2005-01-01
Q4687867,P39,Q6501749,A-Year,2000-12-01,2001-06-16
Q106511717,P54,Q79461537,A-Year,2021-01-01,2021-01-01
Q125182427,P6087,Q2980215,A-Year,2018-01-01,2019-01-01
Q1358103,P54,Q1470768,A-Few-Years,2007-01-01,2012-01-01
Q7839072,P54,Q19487,A-Few-Years,1986-01-01,1987-01-01
Q53672687,P26,Q75399735,A-Few-Years,1971-01-01,1976-01-01
Q5796181,P102,Q10554126,A-Few-Years,1875-01-01,1876-01-01
Q116205725,P39,Q13436054,A-Few-Years,1876-06-01,1876-09-01
Q1537103,P54,Q289029,A-Few-Years,1998-01-01,1998-01-01
Q2874326,P39,Q23598478,A-Few-Years,1408-07-01,1415-11-22
Q4708954,P54,Q1323096,A-Few-Years,2006-01-01,2007-01-01
Q15835189,P54,Q1102935,A-Few-Years,1955-01-01,1959-01-01
Q21760532,P54,Q849544,A-Few-Years,2012-01-01,2014-01-01
Q4481825,P488,Q51541050,A-Few-Years,2018-04-01,
Q106565771,P39,Q28778415,A-Few-Years,2001-06-08,2005-02-22
Q89983422,P54,Q913202,A-Few-Years,2024-01-01,2025-01-01
Q5214923,P54,Q1816244,A-Few-Years,2005-01-01,2010-01-01
Q6221564,P54,Q1070732,A-Few-Years,1966-01-01,1969-01-01
Q2259085,P39,Q109217292,A-Few-Years,1969-01-01,1970-01-01
Q5539880,P54,Q19473,A-Few-Years,1946-01-01,1947-01-01
Q330004,P54,Q866659,A-Few-Years,2011-01-01,2013-01-01
Q6788892,P54,Q2586103,A-Few-Years,1983-01-01,1983-01-01
Q3362789,P54,Q2274220,A-Few-Years,2010-01-01,2011-01-01
Q68032256,P945,Q104309,A-Few-Years,1919-01-01,1920-01-01
Q1765956,P54,Q606210,A-Few-Years,1998-01-01,2000-01-01
Q3909040,P54,Q1136016,A-Few-Years,1935-01-01,1938-01-01
Q5541033,P54,Q18723,A-Few-Years,1964-01-01,1965-01-01
Q1811578,P54,Q2694122,A-Few-Years,2001-01-01,2001-01-01
Q3438149,P54,Q217233,A-Few-Years,1995-01-01,1996-01-01
Q1222958,P39,Q28104498,A-Few-Years,2011-01-01,2014-01-01
Q21464874,P937,Q90,A-Few-Years,1725-01-01,1734-01-01
Q2396802,P54,Q881070,A-Few-Years,2014-01-01,
Q12053160,P937,Q36600,A-Few-Years,1652-01-01,1671-01-01
Q6300532,P39,Q55265693,A-Few-Years,1799-09-22,1808-10-27
Q1465765,P54,Q297676,A-Few-Years,1971-01-01,1974-01-01
Q65030115,P39,Q17496847,A-Few-Years,2015-01-05,2017-01-02
Q108945,P54,Q1757136,A-Few-Years,2006-01-01,2006-01-01
Q16222063,P54,Q1416960,A-Few-Years,2004-01-01,2006-01-01
Q18621033,P54,Q107874794,A-Few-Years,2007-01-01,2009-01-01
Q60243938,P937,Q727,A-Few-Years,1913-01-01,1914-01-01
Q2201358,P39,Q848550,A-Few-Years,1665-01-01,1664-01-01
Q12152589,P937,Q649,A-Few-Years,1916-01-01,1978-01-01
Q2103984,P54,Q364698,A-Few-Years,2004-01-01,2008-01-01
Q6167200,P54,Q625130,A-Few-Years,2006-01-01,2007-01-01
Q1685423,P39,Q75543167,A-Few-Years,1809-03-31,1814-01-01
Q7324631,P54,Q48943,A-Few-Years,1991-01-01,1996-01-01
Q5524251,P54,Q6415701,A-Few-Years,1985-01-01,1986-01-01
Q3938900,P54,Q5095794,A-Few-Years,2009-01-01,2009-01-01
Q58331783,P39,Q43120886,A-Few-Years,2021-07-12,2023-11-20
Q8018074,P39,Q41582588,A-Few-Years,1929-05-30,1931-10-07
Q3849109,P54,Q2311455,A-Few-Years,1942-01-01,1943-01-01
Q5969471,P54,Q935441,A-Few-Years,2010-01-01,2013-01-01
Q16101779,P54,Q690074,A-Few-Years,1975-01-01,1977-01-01
Q47337591,P39,Q64447315,A-Few-Years,1885-01-01,1888-01-01
Q61650261,P39,Q61480451,A-Few-Years,1977-06-26,1980-02-17
Q82768,P641,Q217000,A-Few-Years,2007-01-01,2010-01-01
Q5339253,P39,Q41582591,A-Few-Years,1933-11-21,1935-10-25
Q8009795,P39,Q41582582,A-Few-Years,1918-12-14,1922-10-26
Q1033738,P54,Q35933,A-Few-Years,1934-01-01,1944-01-01
Q4798012,P39,Q41582579,A-Few-Years,1910-01-15,1910-11-28
Q111264661,P279,Q22231113,A-Few-Years,2007-01-01,2009-01-01
Q18215032,P54,Q2221598,A-Few-Years,2013-01-01,2014-01-01
Q10377780,P39,Q53926065,A-Few-Years,2002-04-05,2004-12-31
Q4798626,P39,Q41582587,A-Few-Years,1924-10-29,1929-05-10
Q3524592,P54,Q1254704,A-Few-Years,2003-01-01,2005-01-01
Q4068906,P17,Q139319,A-Few-Years,1917-09-14,1917-11-07
Q6893930,P54,Q5425354,A-Few-Years,2009-01-01,2011-01-01
Q1044924,P54,Q1422,A-Few-Years,1921-01-01,1922-01-01
Q50620410,P39,Q75009038,A-Few-Years,1879-01-01,1879-01-01
Q19691895,P54,Q109930040,A-Few-Years,2023-01-01,
Q4945033,P39,Q16159375,A-Few-Years,1836-01-01,1838-01-01
Q6513154,P54,Q1354077,A-Few-Years,1995-01-01,1997-01-01
Q60228734,P54,Q6887462,A-Few-Years,2017-01-01,2017-01-01
Q3365711,P31,Q2122450,A-Few-Years,1690-01-01,1694-09-18
Q5619067,P39,Q16147743,A-Few-Years,2001-10-19,2005-09-30
Q3172920,P39,Q3044918,A-Few-Years,1981-07-02,1986-04-01
Q4223730,P54,Q170040,A-Few-Years,2002-01-01,2002-01-01
Q6224131,P54,Q18750,A-Few-Years,1995-01-01,1997-01-01
Q833,P6,Q6084858,A-Few-Years,2021-08-21,2022-11-24
Q4772558,P39,Q20064986,A-Few-Years,1999-01-14,2007-01-14
Q12231635,P54,Q72844,A-Few-Years,2015-01-01,2016-01-01
Q913396,P54,Q1340181,A-Few-Years,2013-01-01,2015-01-01
Q3573255,P39,Q11388041,A-Few-Years,1875-04-25,1876-12-18
Q3260410,P39,Q56875711,A-Few-Years,1849-01-01,1849-01-01
Q42793762,P54,Q622430,A-Few-Years,2023-01-01,
Q7513146,P39,Q9045502,A-Few-Years,1973-01-25,1973-09-30
Q116770696,P39,Q12311817,A-Few-Years,1913-05-20,1918-04-22
Q30554651,P39,Q47532269,A-Few-Years,2000-05-03,2010-03-30
Q14912601,P937,Q1718,A-Few-Years,1850-01-01,1851-01-01
Q5394795,P54,Q18723,A-Few-Years,1928-01-01,1933-01-01
Q17587206,P39,Q9045502,A-Few-Years,1862-01-01,1864-01-01
Q9899,P6,Q1366279,A-Few-Years,2017-01-01,2018-01-01
Q3022088,P39,Q19801674,A-Few-Years,1996-06-06,2001-06-06
Q28036017,P39,Q98520278,A-Few-Years,2020-10-22,2024-11-01
Q6370551,P54,Q759482,A-Few-Years,2007-01-01,2007-01-01
Q18421422,P39,Q21328632,A-Few-Years,2014-10-01,2019-09-30
Q641569,P54,Q219714,A-Few-Years,2008-01-01,2011-01-01
Q3620217,P54,Q2018,A-Few-Years,1953-01-01,1960-01-01
Q75398619,P195,Q111635246,A-Few-Years,1949-06-10,
Q221752,P286,Q877918,A-Few-Years,2016-07-01,2019-06-30
Q6813237,P27,Q170468,A-Few-Years,1958-01-01,1961-01-01
Q112603305,P54,Q3492234,A-Few-Years,2004-01-01,2007-01-01
Q20262128,P39,Q83544152,A-Few-Years,1990-01-01,1994-01-01
Q656,P138,Q33923,Many-Years,1991-09-06,
Q825023,P17,Q153136,Many-Years,1711-04-29,1804-08-11
Q75698892,P281,W-8341,Many-Years,1990-01-01,1993-07-01
Q2779246,P800,Q1214490,Many-Years,1995-01-01,1996-01-01
Q121536559,P127,Q7915753,Many-Years,1960-01-01,1970-01-01
Q3176729,P937,Q3141,Many-Years,2003-01-01,2009-01-01
Q1069508,P276,Q3718,Many-Years,2010-12-10,2010-12-31
Q747191,P17,Q153136,Many-Years,1711-04-29,1804-08-11
Q4192565,P17,Q219,Many-Years,1918-05-07,1919-11-27
Q75699794,P281,W-8341,Many-Years,1990-01-01,1993-07-01
Q50349730,P102,Q327591,Many-Years,2013-01-01,2017-01-01
Q52508878,P532,Q7951,Many-Years,2011-01-01,
Q857008,P17,Q842794,Many-Years,1965-08-21,1989-12-22
Q151231,P463,Q117467,Many-Years,2022-03-22,
Q22262428,P361,Q22583324,Many-Years,1908-01-01,1918-01-01
Q12153795,P17,Q2685298,Many-Years,1947-12-30,1965-08-21
Q18761490,P276,Q3330260,Many-Years,1795-01-01,1816-01-01
Q1194284,P17,Q842794,Many-Years,1965-08-21,1989-12-22
Q2617543,P26,Q893766,Many-Years,1977-01-01,1981-01-01
Q7098592,P371,Q2907778,Many-Years,1987-03-21,1989-06-03
Q55915546,P937,Q72,Many-Years,1817-01-01,1836-01-01
Q2904,P6,Q1555359,Many-Years,1951-01-01,1975-01-01
Q339927,P17,Q203493,Many-Years,1918-12-01,1947-12-30
Q60234052,P937,Q727,Many-Years,1876-01-01,1897-01-01
Q47517363,P31,Q13025342,Many-Years,2025-03-28,
Q1191378,P17,Q655621,Many-Years,1570-08-26,1711-04-29
Q243616,P17,Q12560,Many-Years,1396-01-01,1878-07-13
Q723980,P17,Q625380,Many-Years,1526-11-21,1570-08-26
Q249942,P17,Q153136,Many-Years,1711-04-29,1804-08-11
Q12106446,P17,Q203493,Many-Years,1881-05-22,1947-12-30
Q62856463,P281,92268,Many-Years,1993-07-01,
Q16025719,P39,Q61597847,Many-Years,1914-01-01,1928-01-01
Q1133688,P6,Q16439708,Many-Years,1988-01-01,2005-01-01
Q242185,P6087,Q235326,Many-Years,1973-01-01,1977-01-01
Q18808,P17,Q28233,Many-Years,1897-10-01,1910-08-28
Q10742286,P39,Q65660309,Many-Years,1866-01-01,1869-01-01
Q12724800,P17,Q153136,Many-Years,1711-04-29,1804-08-11
Q84328,P734,Q1621139,Many-Years,1896-01-21,1936-01-01
Q4466010,P159,Q18094,Many-Years,1952-01-01,1953-01-01
Q12208612,P27,Q810,Many-Years,1948-01-01,
Q3158929,P39,Q30461,Many-Years,1959-01-01,1960-01-01
Q820637,P17,Q516160,Many-Years,1918-11-16,1918-12-01
Q99211762,P39,Q99193556,Many-Years,1901-01-01,1901-01-01
Q59720951,P127,Q36234,Many-Years,1766-01-01,1788-01-01
Q1055,P17,Q7318,Many-Years,1933-01-30,1945-05-02
Q98950305,P281,91275,Many-Years,1993-07-01,
Q12162758,P17,Q218,Many-Years,1989-12-22,
Q100143,P17,Q131964,Many-Years,1815-04-07,1859-11-10
Q5063822,P17,Q655621,Many-Years,1570-08-16,1711-04-29
Q5314527,P39,Q28401369,Many-Years,1824-01-01,1834-01-01
Q2523885,P127,Q690332,Many-Years,1942-01-01,2000-01-01
Q17327760,P27,Q7603765,Many-Years,1964-01-01,1974-01-01
Q37092443,P137,Q489565,Many-Years,1876-01-01,1923-01-01
Q4326929,P291,Q1899,Many-Years,1955-01-01,
Q652112,P127,Q1426388,Many-Years,1929-01-01,1961-09-01
Q11023272,P27,Q3087763,Many-Years,1953-01-01,1958-01-01
Q739418,P17,Q625380,Many-Years,1526-11-11,1570-08-16
Q1028222,P17,Q2685298,Many-Years,1947-12-30,1965-08-21
Q1397662,P102,Q1824395,Many-Years,1995-01-01,2005-01-01
Q12083787,P17,Q842794,Many-Years,1965-08-21,1989-12-22
Q337086,P39,Q41582581,Many-Years,1910-12-03,1918-10-17
Q461846,P7779,Q293332,Many-Years,1940-01-01,1942-01-01
Q63603509,P361,Q117224500,Many-Years,1680-01-01,1778-01-01
Q755163,P17,Q2685298,Many-Years,1947-12-30,1965-08-21
Q5056458,P17,Q131964,Many-Years,1804-08-11,1867-03-30
Q2170359,P2043,103.0,Many-Years,1978-01-01,
Q329569,P39,Q544015,Many-Years,0179-01-01,0183-01-01
Q2975590,P31,Q27676428,Many-Years,2003-10-11,
Q450982,P84,Q91343,Many-Years,1817-01-01,1842-01-01
Q7988779,P127,Q18378979,Many-Years,2014-01-01,2018-06-01
Q55547400,P102,Q1972741,Many-Years,1995-01-01,2017-01-01
Q106631135,P137,Q41,Many-Years,1986-01-01,
Q504348,P1376,Q281005,Many-Years,1684-01-01,1826-01-01
Q34131064,P281,W-8351,Many-Years,1990-09-29,1993-06-30
Q1093233,P17,Q153136,Many-Years,1699-01-26,1804-08-11
Q107528982,P291,Q12892,Many-Years,1946-01-01,1987-01-01
Q188776,P6,Q16025491,Many-Years,1953-02-13,1971-03-18
Q811389,P1037,Q65653082,Many-Years,1985-01-01,2003-01-01
Q125122438,P39,Q17590876,Many-Years,1922-01-01,1926-01-01
Q116428,P39,Q5589724,Many-Years,1851-10-16,1853-10-17
Q34583250,P281,W-8351,Many-Years,1990-09-29,1993-06-30
Q585601,P281,84367,Many-Years,1993-07-01,
Q278686,P17,Q2685298,Many-Years,1947-12-30,1965-08-21
Q113788,P1075,Q99767758,Many-Years,2022-08-19,
Q2988540,P6,Q41543886,Many-Years,2020-07-09,2026-04-23
Q1093228,P17,Q625380,Many-Years,1526-11-11,1570-08-16
Q12109516,P17,Q218,Many-Years,1989-12-22,
Q5118105,P17,Q28513,Many-Years,1867-03-30,1918-11-16
Q7664914,P17,Q153136,Many-Years,1711-04-29,1804-08-11
Q1078321,P17,Q958291,Many-Years,1859-02-05,1881-05-22
Q12131334,P17,Q842794,Many-Years,1965-08-21,1989-12-22
Q12143825,P17,Q842794,Many-Years,1965-08-21,1989-12-22
Q6070729,P137,Q28220389,Many-Years,1924-03-03,1927-05-23
Q12087472,P17,Q203493,Many-Years,1881-05-22,1947-12-30
Q20046152,P102,Q657089,Many-Years,1986-01-01,2000-01-01
Q1029,P35,Q208355,Many-Years,1990-12-01,2005-02-02
Q5355238,P1410,1.0,Many-Years,1859-01-01,1920-01-01
Q5540467,P39,Q41582556,Many-Years,1852-07-07,1857-03-21
Q1562843,P39,Q30277894,Many-Years,1986-01-01,1990-01-01
Q63556,P551,Q801,Many-Years,1949-01-01,1986-01-01
