pid,label,n_stmt,n_groups,n_valid,A-Day,A-Few-Days,A-Week,A-Few-Weeks,A-Month,A-Few-Months,A-Year,A-Few-Years,Many-Years
P17,country,50000,19732,6612,0,0,0,0,0,2,0,65,6545
P54,member of sports team,50000,23478,3103,0,0,0,0,0,7,564,2526,6
P131,located in the administrative territorial entity,50000,33170,2909,0,0,0,0,2,33,9,192,2673
P937,work location,41213,26215,2030,0,0,0,0,0,10,114,1346,560
P6,head of government,35168,16922,1971,0,1,1,0,1,18,36,1310,604
P488,chairperson,35119,15430,1468,0,0,0,0,0,30,105,977,356
P127,owned by,50000,38365,1374,0,0,0,0,0,0,12,271,1091
P137,operator,33211,23406,1315,0,0,0,0,0,3,17,544,751
P286,head coach,14667,3816,1287,0,0,0,0,1,276,427,554,29
P281,postal code,6016,3369,1160,0,0,0,0,0,0,0,1,1159
P102,member of political party,50000,40276,1122,0,0,0,0,0,6,24,688,404
P551,residence,29481,19882,1070,0,0,0,1,0,6,33,590,440
P6087,coach of sports team,14249,3884,984,0,0,0,0,0,38,228,695,23
P1308,position holder,26817,7285,829,0,0,0,0,2,35,84,528,180
P1037,director / manager,13612,5400,799,0,0,0,0,1,10,24,442,322
P118,league or competition,50000,43197,756,0,0,0,0,0,0,185,484,87
P1410,number of seats in assembly,5918,1627,552,0,1,7,5,28,157,115,165,74
P4791,commanded by,5547,1527,466,0,1,1,0,6,54,59,324,21
P531,diplomatic mission sent,2601,1060,401,0,0,0,0,0,0,4,340,57
P138,named after,20662,17307,387,0,0,0,0,0,0,0,73,314
P159,headquarters location,8547,5250,365,0,0,0,0,2,15,18,147,183
P31,instance of,50000,42702,347,0,0,0,0,1,6,10,85,245
P2632,place of detention,50000,42166,347,0,1,3,12,24,228,58,19,2
P3872,patronage,3597,355,320,0,0,0,0,0,3,317,0,0
P410,"military, police or special rank",24257,12988,307,0,0,0,1,0,34,38,215,19
P169,chief executive officer,6816,4572,294,0,1,0,0,0,1,10,219,63
P749,parent organization or unit,7666,5472,292,0,0,0,0,0,3,3,141,145
P608,exhibition history,5029,3181,256,0,0,0,0,0,20,41,133,62
P1352,ranking,5337,339,228,0,0,0,0,184,43,0,1,0
P1998,UCI code of cycling team,1751,805,209,0,0,0,0,0,1,78,129,1
P8047,country of registry,1752,820,206,0,0,0,0,0,3,11,121,71
P36,capital,5193,3783,202,0,0,0,0,0,3,12,38,149
P366,has use,7711,5197,191,0,0,0,0,0,19,5,14,153
P1376,capital of,12442,8850,188,0,0,0,0,0,0,0,20,168
P1268,represents,884,369,180,0,0,0,0,0,0,14,165,1
P1416,affiliation,12205,10065,179,0,0,0,1,1,16,42,100,19
P451,unmarried partner,6649,5188,177,0,0,0,0,0,1,10,149,17
P26,spouse,50000,44309,176,0,0,0,0,0,0,1,97,78
P466,occupant,8859,5589,173,0,0,0,0,0,1,3,42,127
P793,significant event,24418,20126,168,0,0,0,0,0,9,9,23,127
P108,employer,50000,40369,165,0,0,0,0,0,4,16,134,11
P1075,rector,2250,527,161,0,0,0,0,0,2,6,117,36
P2802,fleet or registration number,2343,1141,156,0,0,0,0,0,1,2,58,95
P371,presenter,3438,1161,153,0,0,1,1,0,4,11,103,33
P35,head of state,1961,589,150,0,0,0,0,0,2,7,81,60
P69,educated at,50000,39179,144,0,0,0,0,0,0,11,128,5
P123,publisher,2552,1533,141,0,0,0,0,0,0,3,61,77
P115,home venue,1781,832,139,0,0,0,0,0,0,10,47,82
P598,commander of (DEPRECATED),1663,951,136,0,0,0,2,0,33,35,59,7
P106,occupation,50000,34615,121,0,0,0,0,0,1,5,75,40
P5769,editor-in-chief,1843,794,116,0,0,0,0,0,1,5,61,49
P241,military branch,15122,13673,110,0,0,0,0,0,4,9,66,31
P449,original broadcaster,4163,2949,109,0,0,0,0,0,3,10,74,22
P39,position held,50000,37652,109,0,0,0,0,0,1,4,67,37
P264,record label,1851,984,106,0,0,0,0,0,0,4,86,16
P3975,general secretary,1300,535,101,0,0,0,0,0,0,6,71,24
P2043,length,1093,638,98,0,0,0,0,0,1,4,13,80
P98,editor,3888,1905,94,0,0,0,0,0,0,5,49,40
P166,award received,12954,9674,93,0,0,0,1,0,5,17,60,10
P2295,net profit,1228,120,88,0,0,0,0,0,33,55,0,0
P2139,total revenue,1074,106,85,0,0,0,0,0,32,52,1,0
P527,has part(s),27053,5949,82,0,2,0,1,0,10,5,18,46
P3362,operating income,1009,93,79,0,0,0,0,0,32,47,0,0
P5817,state of use,2628,2054,79,0,0,0,0,18,2,6,16,37
P532,port of registry,722,376,76,0,0,0,0,0,0,0,44,32
P797,authority,511,254,73,0,0,0,0,0,0,6,6,61
P1454,legal form,5161,4407,69,0,0,0,0,0,0,0,21,48
P92,main regulatory text,892,518,68,0,0,0,0,0,0,0,16,52
P5096,member of the crew of,597,238,66,0,0,0,0,1,29,20,16,0
P1618,sport number,4259,3561,66,0,0,0,0,0,8,26,31,1
P7779,military unit,2527,1168,62,0,0,0,0,2,6,6,43,5
P1545,series ordinal,329,122,61,0,0,0,0,0,0,17,41,3
P176,manufacturer,5036,3670,60,0,0,0,0,0,2,5,36,17
P4100,parliamentary group,1897,1042,58,0,0,0,3,0,8,21,24,2
P291,place of publication,956,509,56,0,0,0,0,0,1,5,26,24
P197,adjacent station,7940,4011,54,0,0,0,0,0,1,2,12,39
P879,pennant number,609,277,53,0,0,0,0,0,0,0,50,3
P618,source of energy,1122,809,51,0,0,0,0,0,0,0,0,51
P426,aircraft registration,857,508,50,0,0,0,0,0,5,5,32,8
P512,academic degree,3465,2738,49,0,0,0,0,0,0,1,39,9
P140,religion or worldview,4157,3644,47,0,0,0,0,0,0,0,7,40
P8413,academic appointment,1794,1017,46,0,0,0,0,0,0,0,41,5
P1532,country for sport,2544,2130,46,0,0,0,0,0,0,4,31,11
P2896,publication interval,592,299,43,0,0,0,0,0,1,4,16,22
P3300,musical conductor,526,193,42,0,0,0,0,0,0,0,25,17
P611,religious order,2142,1872,42,0,0,0,0,0,0,0,2,40
P945,allegiance,897,614,41,0,0,0,0,0,0,1,18,22
P1114,quantity,514,167,40,0,0,0,0,0,1,2,16,21
P119,place of burial,5249,4654,35,0,0,0,0,0,0,0,0,35
P1342,number of seats,825,484,34,0,0,0,0,0,0,0,18,16
P559,terminus,1375,590,33,0,0,0,0,0,1,3,20,9
P2317,call sign,530,285,32,0,0,0,0,0,0,0,15,17
P708,diocese,1447,1194,32,0,0,0,0,0,0,0,4,28
P1344,participant in,2535,2218,32,0,0,0,0,0,10,6,14,2
P97,noble title,13010,9077,32,0,0,0,0,0,0,0,8,24
P1083,maximum capacity,348,161,31,0,0,0,0,0,1,0,9,21
P8247,nominal share capital,194,71,29,0,0,0,0,2,3,2,17,5
P582,end time,310,136,29,0,2,17,10,0,0,0,0,0
P126,maintained by,2849,2120,29,0,0,0,0,0,0,0,8,21
P210,party chief representative,268,86,28,0,0,0,0,0,1,4,20,3
P511,honorific prefix,1593,1312,28,0,0,0,0,0,0,0,5,23
P1001,applies to jurisdiction,3006,1302,28,0,0,0,0,0,1,0,2,25
P504,shipping port,278,140,27,0,0,0,0,0,2,4,11,10
P505,general manager,377,219,27,0,0,0,0,0,0,8,18,1
P915,filming location,503,221,27,1,8,2,1,0,0,2,6,7
P12363,clerked for,1024,715,27,0,0,0,0,0,0,23,4,0
P607,participated in conflict,1407,1137,26,0,0,0,0,0,1,1,16,8
P800,notable work,1276,770,24,0,0,0,0,0,0,0,18,6
P38,currency,592,340,23,0,0,0,0,0,0,0,4,19
P2046,area,900,675,23,0,0,0,0,0,1,1,10,11
P2868,subject has role,1622,1009,23,0,0,0,0,0,0,0,14,9
P3983,sports league level,120,58,22,0,0,0,0,0,0,0,2,20
P3460,colonel-in-chief,188,66,21,0,0,0,0,0,0,0,2,19
P1030,light characteristic,838,659,21,0,0,0,0,0,1,0,8,12
P742,pseudonym,860,483,21,0,0,0,0,0,0,0,10,11
P2388,position held by head of the organization,477,354,19,0,0,0,0,0,0,0,7,12
P831,parent club,216,102,18,0,0,0,0,0,0,0,14,4
P1875,represented by,1012,752,18,0,0,0,0,0,0,1,13,4
P1027,conferred by,414,238,17,0,0,0,0,0,0,0,9,8
P3320,board member,4450,1019,17,0,0,0,0,0,0,0,9,8
P463,member of,50000,38242,17,0,0,0,0,0,1,0,12,4
P7938,associated electoral district,42570,40062,17,0,0,0,0,0,0,0,3,14
P634,team captain,284,103,16,0,0,0,0,0,0,3,13,0
P237,coat of arms,296,167,16,0,0,0,0,0,0,0,0,16
P84,architect,762,511,16,0,0,0,0,0,0,0,5,11
P1132,number of participants,178,54,15,0,0,0,0,0,2,2,7,4
P669,located on street,801,562,15,0,0,0,0,0,0,0,4,11
P1066,student of,1287,931,15,0,0,0,0,0,0,1,14,0
P272,production company,337,172,14,0,0,0,0,0,0,0,9,5
P609,terminus location,1366,581,14,0,0,0,0,0,0,0,4,10
P1313,office held by the head of government,209,133,13,0,0,0,0,0,0,1,4,8
P121,item operated,1931,578,13,0,0,0,0,0,1,1,4,7
P175,performer,294,154,12,0,0,0,0,1,0,0,5,6
P6872,has written for,436,291,12,0,0,0,0,0,0,2,8,2
P2283,uses,710,320,12,0,0,0,0,0,0,0,3,9
P1110,attendance,741,375,12,0,1,0,0,0,1,10,0,0
P1830,owner of,4259,3269,12,0,0,0,0,0,0,0,6,6
P2047,duration,177,94,11,0,0,0,0,0,1,0,7,3
P2838,professional name,129,78,10,0,0,0,0,0,0,0,5,5
P10308,director of publication,145,97,10,0,0,0,0,0,1,1,3,5
P2124,member count,151,82,10,0,0,0,0,0,0,1,6,3
P57,director,241,115,10,0,0,0,0,0,0,3,3,4
P664,organizer,426,263,10,0,0,0,0,0,0,1,1,8
P178,developer,434,271,10,0,0,0,0,0,0,0,7,3
P3438,vehicle normally used,446,243,10,0,0,0,0,0,0,1,5,4
P1327,partner in business or sport,1045,806,10,0,0,0,0,0,0,1,6,3
P3301,broadcast by,2045,590,10,0,0,0,0,0,2,0,8,0
P3342,significant person,2126,1317,10,0,0,0,0,0,0,1,4,5
P275,copyright license,2478,2291,10,0,0,0,0,0,1,2,6,1
P217,inventory number,4550,3431,10,0,0,0,0,0,0,0,3,7
P86,composer,131,68,9,0,0,0,0,0,0,0,2,7
P1640,curator,162,69,9,0,0,0,0,0,0,0,1,8
P2257,event interval,220,139,9,0,0,0,0,0,0,0,6,3
P2109,nominal power output,227,164,9,0,0,0,0,0,1,0,3,5
P2825,via,263,42,9,0,4,0,1,1,3,0,0,0
P1029,crew members,582,253,9,0,0,0,1,0,2,2,3,1
P750,distributed by,686,497,9,0,0,0,0,0,0,0,6,3
P859,sponsor,50000,45107,9,0,0,0,0,0,0,0,8,1
P612,mother house,109,67,8,0,0,0,0,0,0,0,1,7
P1071,location of creation,168,63,8,0,0,0,0,0,0,0,6,2
P2813,house publication,231,157,8,0,0,0,0,0,0,0,3,5
P2758,CNC film rating (France),298,188,8,0,0,0,0,0,0,1,5,2
P495,country of origin,306,186,8,0,0,0,0,0,0,0,1,7
P85,anthem,450,358,8,0,0,0,0,0,0,0,3,5
P2505,carries thoroughfare,462,374,8,0,0,0,0,0,0,0,0,8
P798,military designation,931,630,8,0,0,0,0,0,0,0,3,5
P47,shares border with,4147,2703,8,0,0,0,0,0,0,0,2,6
P2499,league level above,95,51,7,0,0,0,0,0,0,0,4,3
P5995,kit supplier,96,52,7,0,0,0,0,0,0,0,7,0
P194,legislative body,118,66,7,0,0,0,0,0,0,0,5,2
P4345,director of archaeological fieldwork,182,95,7,0,0,0,0,0,0,0,4,3
P186,made from material,259,155,7,0,0,0,0,0,0,0,1,6
P50,author,149,79,7,0,0,0,0,0,0,0,3,4
P162,producer,125,76,6,0,0,0,0,0,0,2,4,0
P122,basic form of government,127,63,6,0,0,0,0,0,0,0,2,4
P825,dedicated to,161,103,6,0,0,0,0,0,0,0,1,5
P837,day in year for periodic occurrence,228,154,6,0,0,0,0,0,0,1,1,4
P725,voice actor,583,222,6,0,0,0,0,0,0,0,3,3
P156,followed by,697,596,6,0,0,0,0,0,0,0,2,4
P1535,used by,853,608,6,0,0,0,0,0,0,0,1,5
P161,cast member,1105,287,6,0,0,0,0,0,0,1,3,2
P5607,located in the religious territorial entity,1340,1262,6,0,0,0,0,0,0,0,0,6
P1824,road number,3344,3185,6,0,0,0,0,0,0,0,2,4
P2664,units sold,43,30,5,0,0,0,0,0,0,0,1,4
P2097,term length of position,48,29,5,0,0,0,0,0,0,0,0,5
P3174,art director,75,41,5,0,0,0,0,0,0,0,4,1
P1716,brand,84,54,5,0,0,0,0,0,0,0,5,0
P8938,artistic director,103,61,5,0,0,0,0,0,0,0,3,2
P12452,appeals to,123,95,5,0,0,0,0,0,0,0,0,5
P2389,organization directed by the office or position,284,188,5,0,0,0,0,0,0,0,1,4
P767,contributor to the creative work or subject,623,266,5,0,0,0,0,0,0,1,2,2
P81,connecting line,2394,1712,5,0,0,0,0,0,0,0,0,5
P2348,time period,2710,2635,5,0,0,0,0,0,1,0,0,4
P355,child organization or unit,3637,1849,5,0,0,0,0,0,0,0,1,4
P872,printed by,43,22,4,0,0,0,0,0,0,0,3,1
P8030,military size designation,45,23,4,0,0,0,0,0,2,0,0,2
P1141,number of processor cores,57,43,4,0,0,0,0,0,1,3,0,0
P1906,office held by head of state,61,32,4,0,0,0,0,0,0,0,0,4
P1592,prosecutor,113,9,4,0,0,0,0,0,0,0,4,0
P2500,league level below,116,49,4,0,0,0,0,0,0,0,2,2
P263,official residence,117,82,4,0,0,0,0,0,1,0,1,2
P2121,prize money,122,81,4,0,0,0,0,0,0,0,2,2
P149,architectural style,146,105,4,0,0,0,0,0,0,0,0,4
P812,academic major,235,164,4,0,0,0,0,0,0,1,2,1
P2144,frequency,259,138,4,0,0,0,0,0,0,1,1,2
P16,transport network,386,306,4,0,0,0,0,0,0,0,1,3
P3919,contributed to creative work,403,316,4,0,0,0,0,0,0,0,2,2
P2415,personal best,615,198,4,0,0,0,0,0,0,3,1,0
P579,IMA status and/or rank,2161,2049,4,0,0,0,0,0,0,0,2,2
P101,field of work,2609,2267,4,0,0,0,0,0,0,0,3,1
P803,professorship,3752,3307,4,0,0,0,0,0,0,0,4,0
P155,follows,540,365,4,0,0,0,0,0,0,0,2,2
P4253,number of constituencies,28,11,3,0,0,0,0,0,0,0,1,2
P2438,narrator,32,16,3,0,0,0,0,0,0,1,2,0
P9901,issuing agent of work,36,23,3,0,0,0,0,0,0,0,0,3
P1387,political alignment,46,28,3,0,0,0,0,0,0,0,0,3
P3157,event distance,59,32,3,0,0,0,0,0,0,0,2,1
P1810,subject named as,61,32,3,0,0,0,0,0,0,0,2,1
P2769,budget,72,6,3,0,0,0,0,0,0,3,0,0
P3912,newspaper format,72,54,3,0,0,0,0,0,0,0,0,3
P465,sRGB color hex triplet,85,59,3,0,0,0,0,0,0,0,3,0
P5353,school district,96,75,3,0,0,0,0,0,0,0,0,3
P10449,trained by,103,64,3,0,0,0,0,0,0,1,2,0
P8138,located in the statistical territorial entity,118,96,3,0,0,0,0,0,0,0,1,2
P8324,funder,159,85,3,0,0,0,0,0,0,0,1,2
P2978,wheel arrangement,211,111,3,0,0,0,0,0,0,0,1,2
P2661,target interest rate,216,4,3,0,0,0,0,2,1,0,0,0
P1671,route number,260,156,3,0,0,0,0,0,0,0,2,1
P2291,charted in,275,176,3,0,0,1,1,1,0,0,0,0
P802,student,346,240,3,0,0,0,0,0,0,0,3,0
P3931,copyright holder,424,335,3,0,0,0,0,0,0,0,2,1
P5052,supervisory board member,616,254,3,0,0,0,0,0,0,0,2,1
P585,point in time,1556,1526,3,0,0,0,0,0,2,0,1,0
P3156,Australian Classification,2953,2736,3,0,1,0,0,0,1,0,0,1
P710,participant,4080,1350,3,0,0,0,0,0,0,2,1,0
P9989,stylized name,14,8,2,0,0,0,0,0,0,0,1,1
P2386,diameter,15,8,2,0,0,0,0,0,0,0,0,2
P2997,age of majority,16,8,2,0,0,0,0,0,0,0,0,2
P1652,referee,21,4,2,0,2,0,0,0,0,0,0,0
P5024,choral conductor,28,15,2,0,0,0,0,0,0,0,1,1
P3086,speed limit,29,20,2,0,0,0,0,0,0,0,1,1
P2067,mass,35,22,2,0,0,0,0,0,0,0,0,2
P2196,count of students,44,30,2,0,0,0,0,0,0,2,0,0
P282,writing system,56,41,2,0,0,0,0,0,0,0,2,0
P4970,alternative name,62,47,2,0,0,0,0,0,0,0,0,2
P765,surface played on,69,45,2,0,0,0,0,0,0,0,2,0
P6794,minimum wage,69,6,2,0,0,0,0,0,1,1,0,0
P2555,fee,84,38,2,0,0,0,0,0,0,2,0,0
P748,appointed by,97,72,2,0,0,0,0,0,0,0,0,2
P2284,price,108,53,2,0,0,0,0,0,0,1,0,1
P3730,next higher rank,100,69,2,0,0,0,0,0,0,0,1,1
P2048,height,119,79,2,0,0,0,0,0,0,0,0,2
P840,narrative location,148,90,2,0,0,0,0,0,0,0,2,0
P1596,penalty,192,135,2,0,0,0,0,0,0,0,1,1
P912,has facility,257,184,2,0,0,0,0,0,0,0,0,2
P1064,track gauge,279,193,2,0,0,0,0,0,0,0,1,1
P1441,present in work,347,269,2,0,0,0,0,0,0,0,2,0
P1038,relative,589,418,2,0,0,0,0,0,0,0,0,2
P1552,has characteristic,607,531,2,0,0,0,0,0,0,0,1,1
P3716,social classification,607,569,2,0,0,0,0,0,0,0,0,2
P1366,replaced by,692,595,2,0,0,0,0,0,0,1,0,1
P2541,operating area,784,335,2,0,0,0,0,0,0,0,0,2
P421,located in time zone,1285,932,2,0,0,0,0,0,0,0,2,0
P6339,reports periodicity,18157,8586,2,0,0,0,0,0,0,0,2,0
P195,collection,50000,46497,2,0,0,0,0,0,0,0,0,2
P571,inception,26250,25600,2,0,0,0,0,0,0,0,0,2
P2578,is the study of,3,1,1,0,0,0,0,0,0,0,1,0
P5448,upper limit,3,1,1,0,0,0,0,0,0,0,1,0
P11814,funded by grant,4,2,1,0,0,0,0,0,0,1,0,0
P10661,exhibited creator,5,2,1,0,0,0,0,0,0,1,0,0
P12168,Torino scale,6,3,1,0,0,0,1,0,0,0,0,0
P12617,creative director,6,2,1,0,0,0,0,0,0,0,1,0
P424,Wikimedia language code,9,4,1,0,0,0,0,0,0,0,1,0
P6801,number of hospital beds,11,7,1,0,0,0,0,0,0,0,1,0
P7959,historic county,11,9,1,0,0,0,0,0,0,0,1,0
P501,enclave within,12,9,1,0,0,0,0,0,0,0,0,1
P2052,speed,14,8,1,0,0,0,0,0,0,0,0,1
P8764,port calls,15,2,1,0,0,0,1,0,0,0,0,0
P7419,gender educated,17,11,1,0,0,0,0,0,0,0,0,1
P113,airline hub,20,11,1,0,0,0,0,0,0,0,0,1
P7604,supervised by,27,21,1,0,0,0,0,0,0,0,1,0
P415,radio format,28,14,1,0,0,0,0,0,0,0,1,0
P1408,licensed to broadcast to,28,16,1,0,0,0,0,0,0,0,1,0
P2184,history of topic,29,14,1,0,0,0,0,0,0,0,0,1
P208,executive body,31,18,1,0,0,0,0,0,1,0,0,0
P6275,copyright representative,33,26,1,0,0,0,0,0,0,0,0,1
P3970,channel number,35,25,1,0,0,0,0,0,0,0,0,1
P1431,executive producer,37,20,1,0,0,0,0,0,0,0,1,0
P2061,aspect ratio (W:H),37,23,1,0,0,0,0,0,0,0,1,0
P2791,power consumed,38,33,1,0,0,0,0,0,0,1,0,0
P110,illustrator,42,23,1,0,0,0,0,0,0,0,1,0
P7169,substitute director/manager,43,17,1,0,0,0,0,0,0,0,1,0
P3085,qualifies for event,44,19,1,0,0,0,0,0,0,0,0,1
P4565,electoral district number,48,41,1,0,0,0,0,0,0,0,1,0
P1346,winner,48,18,1,0,0,0,0,0,0,0,0,1
P4224,category contains,49,40,1,0,0,0,0,0,0,0,0,1
P3091,mount,50,26,1,0,0,0,0,0,0,0,1,0
P7374,educational stage,53,50,1,0,0,0,0,0,0,0,1,0
P706,located in/on physical feature,55,43,1,0,0,0,0,0,0,0,0,1
P289,vessel class,60,46,1,0,0,0,0,0,0,0,1,0
P163,flag,58,39,1,0,0,0,0,0,0,0,0,1
P144,based on,66,45,1,0,0,0,0,0,0,0,1,0
P460,said to be the same as,67,51,1,0,0,0,0,0,0,0,1,0
P1101,floors above ground,71,46,1,0,0,0,0,0,0,0,1,0
P1444,destination point,71,66,1,0,0,0,0,0,0,1,0,0
P417,patron saint,75,60,1,0,0,0,0,0,0,0,0,1
P2828,corporate officer,97,61,1,0,0,0,0,0,0,0,0,1
P12484,competition judge,97,10,1,0,0,0,0,0,0,0,0,1
P3729,next lower rank,100,73,1,0,0,0,0,0,0,0,0,1
P9597,type of lens,103,83,1,0,0,0,0,0,0,0,0,1
P7888,merged into,111,108,1,0,0,0,0,0,0,0,1,0
P287,designed by,115,92,1,0,0,0,0,0,0,0,0,1
P37,official language,119,64,1,0,0,0,0,0,0,0,0,1
P8289,parish church(es),123,57,1,0,0,0,0,0,0,0,1,0
P1343,described by source,130,94,1,0,0,0,0,0,0,0,1,0
P462,color,133,78,1,0,0,0,0,0,0,0,1,0
P12439,civil rank,134,90,1,0,0,0,0,0,0,0,1,0
P413,position played on team / speciality,153,146,1,0,0,0,0,0,0,0,0,1
P547,commemorates,166,99,1,0,0,0,0,0,0,0,0,1
P199,organizational division,214,98,1,0,0,0,0,0,0,1,0,0
P3448,stepparent,218,167,1,0,0,0,0,0,0,0,0,1
P930,type of electrification,268,226,1,0,0,0,0,0,0,0,0,1
P795,located on linear feature,326,279,1,0,0,0,0,0,0,0,0,1
P1056,product or material produced,401,211,1,0,0,0,0,0,0,0,1,0
P516,powered by,466,233,1,0,0,0,0,0,0,0,1,0
P921,main subject,473,403,1,0,0,0,0,0,0,1,0,0
P1103,number of platform tracks,518,478,1,0,0,0,0,0,0,0,1,0
P2929,lighthouse range,564,251,1,0,0,0,0,0,0,0,0,1
P10611,has certification,639,615,1,0,0,0,0,0,0,0,1,0
P296,station code,1287,687,1,0,0,0,0,0,0,0,1,0
P1050,medical condition,1447,1367,1,0,0,0,0,0,0,0,1,0
P414,stock exchange,9770,9278,1,0,0,0,0,0,0,1,0,0
P27,country of citizenship,3750,3665,1,0,0,0,0,0,0,0,0,1
P215,spectral class,0,0,0,0,0,0,0,0,0,0,0,0
P233,canonical SMILES,0,0,0,0,0,0,0,0,0,0,0,0
P469,lake on watercourse,0,0,0,0,0,0,0,0,0,0,0,0
P490,provisional designation,0,0,0,0,0,0,0,0,0,0,0,0
P684,ortholog,0,0,0,0,0,0,0,0,0,0,0,0
P703,found in taxon,0,0,0,0,0,0,0,0,0,0,0,0
P847,United States Navy aircraft designation,0,0,0,0,0,0,0,0,0,0,0,0
P898,IPA transcription,0,0,0,0,0,0,0,0,0,0,0,0
P1032,digital rights management system,0,0,0,0,0,0,0,0,0,0,0,0
P1090,redshift,0,0,0,0,0,0,0,0,0,0,0,0
P1195,file extension,0,0,0,0,0,0,0,0,0,0,0,0
P1358,points for,0,0,0,0,0,0,0,0,0,0,0,0
P1534,end cause,0,0,0,0,0,0,0,0,0,0,0,0
P1833,number of registered users/contributors,0,0,0,0,0,0,0,0,0,0,0,0
P2361,online service,0,0,0,0,0,0,0,0,0,0,0,0
P2440,transliteration or transcription,0,0,0,0,0,0,0,0,0,0,0,0
P2560,GPU,0,0,0,0,0,0,0,0,0,0,0,0
P2669,discontinuation date,0,0,0,0,0,0,0,0,0,0,0,0
P2681,is recto of,0,0,0,0,0,0,0,0,0,0,0,0
P3041,luminous intensity,0,0,0,0,0,0,0,0,0,0,0,0
P3067,GS1 country code,0,0,0,0,0,0,0,0,0,0,0,0
P3303,third-party formatter URL,0,0,0,0,0,0,0,0,0,0,0,0
P4241,refine date,0,0,0,0,0,0,0,0,0,0,0,0
P4506,Formal Public Identifier,0,0,0,0,0,0,0,0,0,0,0,0
P4552,mountain range,0,0,0,0,0,0,0,0,0,0,0,0
P4602,date of burial or cremation,0,0,0,0,0,0,0,0,0,0,0,0
P4810,reads environment variable,0,0,0,0,0,0,0,0,0,0,0,0
P4825,deductions (in figure skating),0,0,0,0,0,0,0,0,0,0,0,0
P4934,calculated from,0,0,0,0,0,0,0,0,0,0,0,0
P5204,commercialization date,0,0,0,0,0,0,0,0,0,0,0,0
P5279,hyphenation,0,0,0,0,0,0,0,0,0,0,0,0
P5422,has pattern,0,0,0,0,0,0,0,0,0,0,0,0
P6001,applies to people,0,0,0,0,0,0,0,0,0,0,0,0
P6112,category for members of a team,0,0,0,0,0,0,0,0,0,0,0,0
P6793,WMI code,0,0,0,0,0,0,0,0,0,0,0,0
P6879,effective temperature,0,0,0,0,0,0,0,0,0,0,0,0
P7376,worn by,0,0,0,0,0,0,0,0,0,0,0,0
P7588,effective date,0,0,0,0,0,0,0,0,0,0,0,0
P9998,excitation energy,0,0,0,0,0,0,0,0,0,0,0,0
P10648,podium finishes,0,0,0,0,0,0,0,0,0,0,0,0
P10680,franchisor,0,0,0,0,0,0,0,0,0,0,0,0
P10786,date of incorporation,0,0,0,0,0,0,0,0,0,0,0,0
P11747,holds diplomatic passport of,0,0,0,0,0,0,0,0,0,0,0,0
P12020,state of transmission,0,0,0,0,0,0,0,0,0,0,0,0
P12476,filial church,0,0,0,0,0,0,0,0,0,0,0,0
P129,physically interacts with,1,1,0,0,0,0,0,0,0,0,0,0
P183,endemic to,1,1,0,0,0,0,0,0,0,0,0,0
P205,basin country,1,1,0,0,0,0,0,0,0,0,0,0
P433,issue,1,1,0,0,0,0,0,0,0,0,0,0
P479,input device,1,1,0,0,0,0,0,0,0,0,0,0
P548,version type,1,1,0,0,0,0,0,0,0,0,0,0
P629,"version, edition or translation of",1,1,0,0,0,0,0,0,0,0,0,0
P658,tracklist,1,1,0,0,0,0,0,0,0,0,0,0
P739,ammunition,1,1,0,0,0,0,0,0,0,0,0,0
P746,date of disappearance,1,1,0,0,0,0,0,0,0,0,0,0
P826,tonality,1,1,0,0,0,0,0,0,0,0,0,0
P910,topic's main category,1,1,0,0,0,0,0,0,0,0,0,0
P913,notation,1,1,0,0,0,0,0,0,0,0,0,0
P935,Commons gallery,1,1,0,0,0,0,0,0,0,0,0,0
P1012,including,1,1,0,0,0,0,0,0,0,0,0,0
P1026,academic thesis,1,1,0,0,0,0,0,0,0,0,0,0
P1040,film editor,1,1,0,0,0,0,0,0,0,0,0,0
P1049,worshipped by,1,1,0,0,0,0,0,0,0,0,0,0
P1196,manner of death,1,1,0,0,0,0,0,0,0,0,0,0
P1198,unemployment rate,1,1,0,0,0,0,0,0,0,0,0,0
P1355,number of wins,1,1,0,0,0,0,0,0,0,0,0,0
P1446,number of missing,1,1,0,0,0,0,0,0,0,0,0,0
P1455,list of works,1,1,0,0,0,0,0,0,0,0,0,0
P1465,category for people who died here,1,1,0,0,0,0,0,0,0,0,0,0
P1471,reporting mark,1,1,0,0,0,0,0,0,0,0,0,0
P1589,lowest point,1,1,0,0,0,0,0,0,0,0,0,0
P1590,number of casualties,1,1,0,0,0,0,0,0,0,0,0,0
P1598,consecrator,1,1,0,0,0,0,0,0,0,0,0,0
P1612,Commons Institution page,1,1,0,0,0,0,0,0,0,0,0,0
P1642,acquisition transaction,1,1,0,0,0,0,0,0,0,0,0,0
P1654,wing configuration,1,1,0,0,0,0,0,0,0,0,0,0
P1660,has index case,1,1,0,0,0,0,0,0,0,0,0,0
P1753,list related to category,1,1,0,0,0,0,0,0,0,0,0,0
P1775,follower of,1,1,0,0,0,0,0,0,0,0,0,0
P1809,choreographer,1,1,0,0,0,0,0,0,0,0,0,0
P1945,street key,1,1,0,0,0,0,0,0,0,0,0,0
P2133,total debt,1,1,0,0,0,0,0,0,0,0,0,0
P2140,foreign direct investment net outflow,1,1,0,0,0,0,0,0,0,0,0,0
P2141,foreign direct investment net inflow,1,1,0,0,0,0,0,0,0,0,0,0
P2210,relative to,1,1,0,0,0,0,0,0,0,0,0,0
P2259,mobile network code,1,1,0,0,0,0,0,0,0,0,0,0
P2308,class,1,1,0,0,0,0,0,0,0,0,0,0
P2313,minimum value,1,1,0,0,0,0,0,0,0,0,0,0
P2324,quantity buried,1,1,0,0,0,0,0,0,0,0,0,0
P2341,indigenous to,1,1,0,0,0,0,0,0,0,0,0,0
P2429,expected completeness,1,1,0,0,0,0,0,0,0,0,0,0
P2567,amended by,1,1,0,0,0,0,0,0,0,0,0,0
P2568,repealed by,1,1,0,0,0,0,0,0,0,0,0,0
P2737,union of,1,1,0,0,0,0,0,0,0,0,0,0
P2831,totem,1,1,0,0,0,0,0,0,0,0,0,0
P2872,visitor center,1,1,0,0,0,0,0,0,0,0,0,0
P3005,valid in place,1,1,0,0,0,0,0,0,0,0,0,0
P3025,open days,1,1,0,0,0,0,0,0,0,0,0,0
P3036,precipitation height,1,1,0,0,0,0,0,0,0,0,0,0
P3081,damaged,1,1,0,0,0,0,0,0,0,0,0,0
P3148,repeals,1,1,0,0,0,0,0,0,0,0,0,0
P3173,offers view on,1,1,0,0,0,0,0,0,0,0,0,0
P3279,statistical leader,1,1,0,0,0,0,0,0,0,0,0,0
P3295,code,1,1,0,0,0,0,0,0,0,0,0,0
P3306,ICAA rating,1,1,0,0,0,0,0,0,0,0,0,0
P3530,par,1,1,0,0,0,0,0,0,0,0,0,0
P3823,Ethnologue language status,1,1,0,0,0,0,0,0,0,0,0,0
P3831,object of statement has role,1,1,0,0,0,0,0,0,0,0,0,0
P3876,category for alumni of educational institution,1,1,0,0,0,0,0,0,0,0,0,0
P3921,Wikidata SPARQL query equivalent,1,1,0,0,0,0,0,0,0,0,0,0
P3934,face value,1,1,0,0,0,0,0,0,0,0,0,0
P3967,final event,1,1,0,0,0,0,0,0,0,0,0,0
P4183,angle from vertical,1,1,0,0,0,0,0,0,0,0,0,0
P4675,appears in the form of,1,1,0,0,0,0,0,0,0,0,0,0
P4743,animal breed,1,1,0,0,0,0,0,0,0,0,0,0
P4745,is proceedings from,1,1,0,0,0,0,0,0,0,0,0,0
P4805,make-up artist,1,1,0,0,0,0,0,0,0,0,0,0
P4837,has command line option,1,1,0,0,0,0,0,0,0,0,0,0
P5004,in opposition to,1,1,0,0,0,0,0,0,0,0,0,0
P5021,assessment,1,1,0,0,0,0,0,0,0,0,0,0
P5027,number of representations,1,1,0,0,0,0,0,0,0,0,0,0
P5051,towards,1,1,0,0,0,0,0,0,0,0,0,0
P5059,modified version of,1,1,0,0,0,0,0,0,0,0,0,0
P5072,presented in,1,1,0,0,0,0,0,0,0,0,0,0
P5135,greater than,1,1,0,0,0,0,0,0,0,0,0,0
P5150,IGAC rating,1,1,0,0,0,0,0,0,0,0,0,0
P5328,revival or touring version of,1,1,0,0,0,0,0,0,0,0,0,0
P5982,annual number of weddings,1,1,0,0,0,0,0,0,0,0,0,0
P6104,maintained by WikiProject,1,1,0,0,0,0,0,0,0,0,0,0
P6193,ratified by,1,1,0,0,0,0,0,0,0,0,0,0
P6365,member category,1,1,0,0,0,0,0,0,0,0,0,0
P6439,has lyrics,1,1,0,0,0,0,0,0,0,0,0,0
P6452,CBFC rating,1,1,0,0,0,0,0,0,0,0,0,0
P6569,taxon especially protected in area,1,1,0,0,0,0,0,0,0,0,0,0
P6639,capacity factor,1,1,0,0,0,0,0,0,0,0,0,0
P6684,first attested from,1,1,0,0,0,0,0,0,0,0,0,0
P6803,taxon found at location,1,1,0,0,0,0,0,0,0,0,0,0
P6949,announcement date,1,1,0,0,0,0,0,0,0,0,0,0
P7078,typing discipline,1,1,0,0,0,0,0,0,0,0,0,0
P7152,copyright exemption,1,1,0,0,0,0,0,0,0,0,0,0
P7469,orientation,1,1,0,0,0,0,0,0,0,0,0,0
P7470,URN formatter,1,1,0,0,0,0,0,0,0,0,0,0
P8107,bus,1,1,0,0,0,0,0,0,0,0,0,0
P8453,public transport stop,1,1,0,0,0,0,0,0,0,0,0,0
P8738,permits,1,1,0,0,0,0,0,0,0,0,0,0
P8786,dedicated heritage entity,1,1,0,0,0,0,0,0,0,0,0,0
P8791,digitised by,1,1,0,0,0,0,0,0,0,0,0,0
P9184,number of hits,1,1,0,0,0,0,0,0,0,0,0,0
P9237,reissue of,1,1,0,0,0,0,0,0,0,0,0,0
P9652,personality trait of fictional character,1,1,0,0,0,0,0,0,0,0,0,0
P9883,created for,1,1,0,0,0,0,0,0,0,0,0,0
P9897,App Store age rating,1,1,0,0,0,0,0,0,0,0,0,0
P9929,madhhab,1,1,0,0,0,0,0,0,0,0,0,0
P10129,protective marking,1,1,0,0,0,0,0,0,0,0,0,0
P10408,created during,1,1,0,0,0,0,0,0,0,0,0,0
P10588,academic calendar type,1,1,0,0,0,0,0,0,0,0,0,0
P10640,pole positions,1,1,0,0,0,0,0,0,0,0,0,0
P10642,place of disappearance,1,1,0,0,0,0,0,0,0,0,0,0
P10664,featured track(s),1,1,0,0,0,0,0,0,0,0,0,0
P10836,inker,1,1,0,0,0,0,0,0,0,0,0,0
P11108,recorded participant,1,1,0,0,0,0,0,0,0,0,0,0
P11547,Happy Planet Index score,1,1,0,0,0,0,0,0,0,0,0,0
P11590,stamp perforation,1,1,0,0,0,0,0,0,0,0,0,0
P11738,"handled, mitigated, or managed by",1,1,0,0,0,0,0,0,0,0,0,0
P12456,phonographic copyright,1,1,0,0,0,0,0,0,0,0,0,0
P12764,replaced synonym of,1,1,0,0,0,0,0,0,0,0,0,0
P13269,directs readers to,1,1,0,0,0,0,0,0,0,0,0,0
P13308,software used for creation,1,1,0,0,0,0,0,0,0,0,0,0
P13459,research project that contributed to this data set,1,1,0,0,0,0,0,0,0,0,0,0
P13497,interior designer,1,1,0,0,0,0,0,0,0,0,0,0
P13564,third-gender population,1,1,0,0,0,0,0,0,0,0,0,0
P66,ancestral home,2,2,0,0,0,0,0,0,0,0,0,0
P274,chemical formula,2,2,0,0,0,0,0,0,0,0,0,0
P461,opposite of,2,2,0,0,0,0,0,0,0,0,0,0
P478,volume,2,1,0,0,0,0,0,0,0,0,0,0
P489,currency sign,2,2,0,0,0,0,0,0,0,0,0,0
P509,cause of death,2,2,0,0,0,0,0,0,0,0,0,0
P560,direction,2,2,0,0,0,0,0,0,0,0,0,0
P823,speaker,2,2,0,0,0,0,0,0,0,0,0,0
P941,inspired by,2,2,0,0,0,0,0,0,0,0,0,0
P943,programmer,2,1,0,0,0,0,0,0,0,0,0,0
P965,burial plot reference,2,2,0,0,0,0,0,0,0,0,0,0
P974,tributary,2,2,0,0,0,0,0,0,0,0,0,0
P1073,writable file format,2,1,0,0,0,0,0,0,0,0,0,0
P1087,Elo rating,2,1,0,0,0,0,0,0,0,0,0,0
P1125,Gini coefficient,2,1,0,0,0,0,0,0,0,0,0,0
P1139,floors below ground,2,2,0,0,0,0,0,0,0,0,0,0
P1163,media type,2,2,0,0,0,0,0,0,0,0,0,0
P1339,number of injured,2,1,0,0,0,0,0,0,0,0,0,0
P1345,number of victims of killer,2,2,0,0,0,0,0,0,0,0,0,0
P1434,takes place in fictional universe,2,2,0,0,0,0,0,0,0,0,0,0
P1436,collection or exhibition size,2,1,0,0,0,0,0,0,0,0,0,0
P1478,has immediate cause,2,2,0,0,0,0,0,0,0,0,0,0
P1479,has contributing factor,2,2,0,0,0,0,0,0,0,0,0,0
P1536,immediate cause of,2,2,0,0,0,0,0,0,0,0,0,0
P1591,defendant,2,1,0,0,0,0,0,0,0,0,0,0
P1611,NATO code for grade,2,2,0,0,0,0,0,0,0,0,0,0
P1619,date of official opening,2,2,0,0,0,0,0,0,0,0,0,0
P1625,has melody,2,2,0,0,0,0,0,0,0,0,0,0
P1656,unveiled by,2,1,0,0,0,0,0,0,0,0,0,0
P1657,MPA film rating,2,2,0,0,0,0,0,0,0,0,0,0
P2012,cuisine,2,2,0,0,0,0,0,0,0,0,0,0
P2233,semi-major axis of an orbit,2,2,0,0,0,0,0,0,0,0,0,0
P2319,elector,2,1,0,0,0,0,0,0,0,0,0,0
P2358,praenomen,2,2,0,0,0,0,0,0,0,0,0,0
P2370,conversion to SI unit,2,2,0,0,0,0,0,0,0,0,0,0
P2554,production designer,2,1,0,0,0,0,0,0,0,0,0,0
P2701,file format,2,2,0,0,0,0,0,0,0,0,0,0
P2793,clearance,2,2,0,0,0,0,0,0,0,0,0,0
P2834,individual tax rate,2,1,0,0,0,0,0,0,0,0,0,0
P2881,promoted,2,1,0,0,0,0,0,0,0,0,0,0
P3026,closed on,2,2,0,0,0,0,0,0,0,0,0,0
P3274,content deliverer,2,1,0,0,0,0,0,0,0,0,0,0
P3349,designed to carry,2,1,0,0,0,0,0,0,0,0,0,0
P3415,start period,2,2,0,0,0,0,0,0,0,0,0,0
P3450,sports season of league or competition,2,2,0,0,0,0,0,0,0,0,0,0
P3493,legal status (medicine),2,2,0,0,0,0,0,0,0,0,0,0
P3575,data size,2,1,0,0,0,0,0,0,0,0,0,0
P3833,diaspora,2,1,0,0,0,0,0,0,0,0,0,0
P4151,game mechanics,2,2,0,0,0,0,0,0,0,0,0,0
P4292,possessed by spirit,2,2,0,0,0,0,0,0,0,0,0,0
P4448,cash back,2,1,0,0,0,0,0,0,0,0,0,0
P4661,reservoir created,2,1,0,0,0,0,0,0,0,0,0,0
P4777,has boundary,2,2,0,0,0,0,0,0,0,0,0,0
P5141,coastline,2,2,0,0,0,0,0,0,0,0,0,0
P5412,romanization of Belarusian (2007 system),2,2,0,0,0,0,0,0,0,0,0,0
P5582,number of arrests,2,1,0,0,0,0,0,0,0,0,0,0
P5623,type of water supply,2,1,0,0,0,0,0,0,0,0,0,0
P5901,official number of town quarter,2,2,0,0,0,0,0,0,0,0,0,0
P5970,Medierådet rating,2,2,0,0,0,0,0,0,0,0,0,0
P6546,penalty minutes in career,2,2,0,0,0,0,0,0,0,0,0,0
P6711,data transfer speed,2,1,0,0,0,0,0,0,0,0,0,0
P6886,writing language,2,2,0,0,0,0,0,0,0,0,0,0
P7047,enemy,2,2,0,0,0,0,0,0,0,0,0,0
P7643,covered period,2,1,0,0,0,0,0,0,0,0,0,0
P8500,Vietnamese middle name,2,1,0,0,0,0,0,0,0,0,0,0
P8956,compatible with,2,1,0,0,0,0,0,0,0,0,0,0
P8966,URL match pattern,2,2,0,0,0,0,0,0,0,0,0,0
P9139,first family name in Portuguese name,2,1,0,0,0,0,0,0,0,0,0,0
P9419,personal library at,2,2,0,0,0,0,0,0,0,0,0,0
P10280,category for honorary citizens of entity,2,1,0,0,0,0,0,0,0,0,0,0
P10610,number of teachers,2,1,0,0,0,0,0,0,0,0,0,0
P10636,number of conferences,2,1,0,0,0,0,0,0,0,0,0,0
P12011,tribe,2,1,0,0,0,0,0,0,0,0,0,0
P13637,matricule number,2,1,0,0,0,0,0,0,0,0,0,0
P13638,settlement classification,2,2,0,0,0,0,0,0,0,0,0,0
P13789,has wireless capabilities,2,1,0,0,0,0,0,0,0,0,0,0
P14408,contains cadastral area,2,2,0,0,0,0,0,0,0,0,0,0
P240,FAA airport code,3,3,0,0,0,0,0,0,0,0,0,0
P459,determination method or standard,3,2,0,0,0,0,0,0,0,0,0,0
P470,Eight Banner register,3,2,0,0,0,0,0,0,0,0,0,0
P1018,language regulatory body,3,2,0,0,0,0,0,0,0,0,0,0
P1031,legal citation of this text,3,2,0,0,0,0,0,0,0,0,0,0
P1099,number of masts,3,2,0,0,0,0,0,0,0,0,0,0
P1191,date of first performance,3,3,0,0,0,0,0,0,0,0,0,0
P1423,template has topic,3,1,0,0,0,0,0,0,0,0,0,0
P1588,Statistics Indonesia area code,3,3,0,0,0,0,0,0,0,0,0,0
P1603,number of cases,3,3,0,0,0,0,0,0,0,0,0,0
P1706,together with,3,3,0,0,0,0,0,0,0,0,0,0
P1793,format as a regular expression,3,2,0,0,0,0,0,0,0,0,0,0
P1880,measurement scale,3,2,0,0,0,0,0,0,0,0,0,0
P2031,start of work period,3,3,0,0,0,0,0,0,0,0,0,0
P2058,depositary,3,3,0,0,0,0,0,0,0,0,0,0
P2258,mobile country code,3,3,0,0,0,0,0,0,0,0,0,0
P2354,has list,3,3,0,0,0,0,0,0,0,0,0,0
P2359,nomen gentilicium,3,1,0,0,0,0,0,0,0,0,0,0
P2512,has spin-off,3,2,0,0,0,0,0,0,0,0,0,0
P2557,stroke,3,1,0,0,0,0,0,0,0,0,0,0
P2579,studied by,3,3,0,0,0,0,0,0,0,0,0,0
P2595,maximum gradient,3,2,0,0,0,0,0,0,0,0,0,0
P2598,serial number,3,2,0,0,0,0,0,0,0,0,0,0
P2684,Kijkwijzer rating,3,2,0,0,0,0,0,0,0,0,0,0
P2787,longest span,3,3,0,0,0,0,0,0,0,0,0,0
P3014,laws applied,3,1,0,0,0,0,0,0,0,0,0,0
P3271,compulsory education (maximum age),3,3,0,0,0,0,0,0,0,0,0,0
P3712,has goal,3,3,0,0,0,0,0,0,0,0,0,0
P4082,captured with,3,1,0,0,0,0,0,0,0,0,0,0
P4140,energy storage capacity,3,2,0,0,0,0,0,0,0,0,0,0
P4622,trophy awarded,3,2,0,0,0,0,0,0,0,0,0,0
P4876,number of records,3,2,0,0,0,0,0,0,0,0,0,0
P4968,relevant qualification,3,3,0,0,0,0,0,0,0,0,0,0
P4998,key press,3,1,0,0,0,0,0,0,0,0,0,0
P5017,last update,3,2,0,0,0,0,0,0,0,0,0,0
P5810,cryptocurrency code,3,1,0,0,0,0,0,0,0,0,0,0
P5894,tuition fee,3,3,0,0,0,0,0,0,0,0,0,0
P6587,league system,3,3,0,0,0,0,0,0,0,0,0,0
P6589,endowment,3,3,0,0,0,0,0,0,0,0,0,0
P7086,start grade,3,3,0,0,0,0,0,0,0,0,0,0
P7937,form of creative work,3,3,0,0,0,0,0,0,0,0,0,0
P8031,perpetrator,3,3,0,0,0,0,0,0,0,0,0,0
P8196,voting system,3,2,0,0,0,0,0,0,0,0,0,0
P8345,media franchise,3,3,0,0,0,0,0,0,0,0,0,0
P8498,road number formatter,3,2,0,0,0,0,0,0,0,0,0,0
P8687,social media followers,3,3,0,0,0,0,0,0,0,0,0,0
P8733,number of rooms,3,2,0,0,0,0,0,0,0,0,0,0
P9059,subdivision of this unit,3,3,0,0,0,0,0,0,0,0,0,0
P9548,earned run average,3,1,0,0,0,0,0,0,0,0,0,0
P9714,taxon range,3,2,0,0,0,0,0,0,0,0,0,0
P10241,individual of taxon,3,2,0,0,0,0,0,0,0,0,0,0
P10654,rack system,3,2,0,0,0,0,0,0,0,0,0,0
P10714,WikiProject importance scale rating,3,1,0,0,0,0,0,0,0,0,0,0
P11197,build system,3,3,0,0,0,0,0,0,0,0,0,0
P11812,afterward owned by,3,3,0,0,0,0,0,0,0,0,0,0
P12651,authorised capital,3,2,0,0,0,0,0,0,0,0,0,0
P14834,substance control status,3,2,0,0,0,0,0,0,0,0,0,0
P91,sexual orientation,4,4,0,0,0,0,0,0,0,0,0,0
P425,field of this occupation,4,2,0,0,0,0,0,0,0,0,0,0
P474,telephone country code,4,4,0,0,0,0,0,0,0,0,0,0
P736,cover art by,4,2,0,0,0,0,0,0,0,0,0,0
P770,cause of destruction,4,4,0,0,0,0,0,0,0,0,0,0
P967,guest of honor,4,4,0,0,0,0,0,0,0,0,0,0
P1096,orbital eccentricity,4,2,0,0,0,0,0,0,0,0,0,0
P1351,number of points/goals/set scored,4,2,0,0,0,0,0,0,0,0,0,0
P1393,proxy,4,4,0,0,0,0,0,0,0,0,0,0
P1595,charge,4,4,0,0,0,0,0,0,0,0,0,0
P1620,plaintiff,4,3,0,0,0,0,0,0,0,0,0,0
P1950,second family name in Spanish name,4,3,0,0,0,0,0,0,0,0,0,0
P2093,author name string,4,3,0,0,0,0,0,0,0,0,0,0
P2234,volume as quantity,4,3,0,0,0,0,0,0,0,0,0,0
P2610,thickness,4,3,0,0,0,0,0,0,0,0,0,0
P2614,World Heritage criteria,4,1,0,0,0,0,0,0,0,0,0,0
P2700,protocol,4,4,0,0,0,0,0,0,0,0,0,0
P2756,EIRIN film rating,4,4,0,0,0,0,0,0,0,0,0,0
P2770,source of income,4,4,0,0,0,0,0,0,0,0,0,0
P2790,net tonnage,4,2,0,0,0,0,0,0,0,0,0,0
P2851,payment types accepted,4,4,0,0,0,0,0,0,0,0,0,0
P2894,day of week,4,3,0,0,0,0,0,0,0,0,0,0
P3019,railway signalling system,4,3,0,0,0,0,0,0,0,0,0,0
P3680,statement supported by,4,1,0,0,0,0,0,0,0,0,0,0
P3985,supports programming language,4,2,0,0,0,0,0,0,0,0,0,0
P3989,members have occupation,4,3,0,0,0,0,0,0,0,0,0,0
P3999,date of official closure,0,0,0,0,0,0,0,0,0,0,0,0
P4354,search formatter URL,3,3,0,0,0,0,0,0,0,0,0,0
P4511,vertical depth,4,3,0,0,0,0,0,0,0,0,0,0
P4566,awarded for period,4,4,0,0,0,0,0,0,0,0,0,0
P4647,location of first performance,4,4,0,0,0,0,0,0,0,0,0,0
P5056,patronym or matronym,4,4,0,0,0,0,0,0,0,0,0,0
P5138,season of club or team,4,4,0,0,0,0,0,0,0,0,0,0
P5899,interest rate,4,4,0,0,0,0,0,0,0,0,0,0
P6149,running mate,4,4,0,0,0,0,0,0,0,0,0,0
P6237,real estate developer,4,3,0,0,0,0,0,0,0,0,0,0
P6241,collection creator,4,4,0,0,0,0,0,0,0,0,0,0
P7603,CITES Appendix,4,4,0,0,0,0,0,0,0,0,0,0
P8032,victim(s),4,4,0,0,0,0,0,0,0,0,0,0
P8550,law identifier,4,2,0,0,0,0,0,0,0,0,0,0
P8739,prohibits,4,4,0,0,0,0,0,0,0,0,0,0
P9994,record number,4,2,0,0,0,0,0,0,0,0,0,0
P12883,Turkey neighborhood ID,4,4,0,0,0,0,0,0,0,0,0,0
P141,IUCN conservation status,5,5,0,0,0,0,0,0,0,0,0,0
P246,element symbol,5,4,0,0,0,0,0,0,0,0,0,0
P249,ticker symbol,5,5,0,0,0,0,0,0,0,0,0,0
P364,original language of film or TV show,5,5,0,0,0,0,0,0,0,0,0,0
P404,game mode,5,3,0,0,0,0,0,0,0,0,0,0
P730,service retirement,5,5,0,0,0,0,0,0,0,0,0,0
P885,origin of the watercourse,5,5,0,0,0,0,0,0,0,0,0,0
P1677,index case of,5,5,0,0,0,0,0,0,0,0,0,0
P2243,apoapsis,5,3,0,0,0,0,0,0,0,0,0,0
P2442,conversion to standard unit,5,3,0,0,0,0,0,0,0,0,0,0
P2515,costume designer,5,1,0,0,0,0,0,0,0,0,0,0
P2517,category for recipients of this award,5,2,0,0,0,0,0,0,0,0,0,0
P2556,bore,5,2,0,0,0,0,0,0,0,0,0,0
P2907,UTC timezone offset,5,3,0,0,0,0,0,0,0,0,0,0
P3158,enclosure,5,2,0,0,0,0,0,0,0,0,0,0
P3679,stock market index,5,5,0,0,0,0,0,0,0,0,0,0
P4135,maximum age,5,5,0,0,0,0,0,0,0,0,0,0
P4444,reward,5,5,0,0,0,0,0,0,0,0,0,0
P4595,post town,5,2,0,0,0,0,0,0,0,0,0,0
P4856,conscription number,5,5,0,0,0,0,0,0,0,0,0,0
P5658,railway traffic side,5,5,0,0,0,0,0,0,0,0,0,0
P6191,language style,5,5,0,0,0,0,0,0,0,0,0,0
P6840,student organization of,5,3,0,0,0,0,0,0,0,0,0,0
P6902,era name,5,4,0,0,0,0,0,0,0,0,0,0
P7782,category for ship name,5,4,0,0,0,0,0,0,0,0,0,0
P9239,affiliated worker organisation,5,5,0,0,0,0,0,0,0,0,0,0
P9302,script style,5,3,0,0,0,0,0,0,0,0,0,0
P14519,body modification(s),5,4,0,0,0,0,0,0,0,0,0,0
P30,continent,6,3,0,0,0,0,0,0,0,0,0,0
P200,inflows,6,5,0,0,0,0,0,0,0,0,0,0
P522,type of orbit,6,4,0,0,0,0,0,0,0,0,0,0
P610,highest point,6,5,0,0,0,0,0,0,0,0,0,0
P655,translator,6,3,0,0,0,0,0,0,0,0,0,0
P1411,nominated for,6,5,0,0,0,0,0,0,0,0,0,0
P1787,art name,6,5,0,0,0,0,0,0,0,0,0,0
P1873,maximum number of players,6,6,0,0,0,0,0,0,0,0,0,0
P2261,beam,6,3,0,0,0,0,0,0,0,0,0,0
P2563,superhuman feature or ability,6,2,0,0,0,0,0,0,0,0,0,0
P3092,film crew member,6,2,0,0,0,0,0,0,0,0,0,0
P3437,carries passengers or cargo,6,4,0,0,0,0,0,0,0,0,0,0
P3893,public domain date,6,5,0,0,0,0,0,0,0,0,0,0
P5071,boiler pressure,6,3,0,0,0,0,0,0,0,0,0,0
P5800,narrative role,6,3,0,0,0,0,0,0,0,0,0,0
P7514,landscape architect,6,5,0,0,0,0,0,0,0,0,0,0
P10568,maintains linking to,6,1,0,0,0,0,0,0,0,0,0,0
P13723,shrine ranking,6,4,0,0,0,0,0,0,0,0,0,0
P301,category's main topic,7,6,0,0,0,0,0,0,0,0,0,0
P376,located on astronomical body,7,7,0,0,0,0,0,0,0,0,0,0
P580,start time,6,6,0,0,0,0,0,0,0,0,0,0
P631,structural engineer,7,6,0,0,0,0,0,0,0,0,0,0
P908,PEGI rating,7,6,0,0,0,0,0,0,0,0,0,0
P1120,number of deaths,7,5,0,0,0,0,0,0,0,0,0,0
P2021,Erdős number,7,7,0,0,0,0,0,0,0,0,0,0
P2045,orbital inclination,7,1,0,0,0,0,0,0,0,0,0,0
P2522,competition won,7,7,0,0,0,0,0,0,0,0,0,0
P2665,alcohol by volume,7,5,0,0,0,0,0,0,0,0,0,0
P2900,fax number,7,6,0,0,0,0,0,0,0,0,0,0
P3001,retirement age,7,2,0,0,0,0,0,0,0,0,0,0
P3205,patient of,7,7,0,0,0,0,0,0,0,0,0,0
P3373,sibling,7,7,0,0,0,0,0,0,0,0,0,0
P3858,route diagram template,7,2,0,0,0,0,0,0,0,0,0,0
P4428,implementation of,7,3,0,0,0,0,0,0,0,0,0,0
P4794,season starts,7,5,0,0,0,0,0,0,0,0,0,0
P4884,court,7,4,0,0,0,0,0,0,0,0,0,0
P5436,number of viewers/listeners,7,6,0,0,0,0,0,0,0,0,0,0
P5869,model item,7,2,0,0,0,0,0,0,0,0,0,0
P6153,research site,7,4,0,0,0,0,0,0,0,0,0,0
P6440,maintenance method,7,6,0,0,0,0,0,0,0,0,0,0
P7095,end grade,7,6,0,0,0,0,0,0,0,0,0,0
P8368,number of branches,7,7,0,0,0,0,0,0,0,0,0,0
P10290,hotel rating,7,6,0,0,0,0,0,0,0,0,0,0
P11146,collection items at,7,6,0,0,0,0,0,0,0,0,0,0
P201,outflows,8,8,0,0,0,0,0,0,0,0,0,0
P521,scheduled service destination,8,5,0,0,0,0,0,0,0,0,0,0
P546,docking port,8,6,0,0,0,0,0,0,0,0,0,0
P1145,Lagrangian point,8,8,0,0,0,0,0,0,0,0,0,0
P1932,object named as,8,5,0,0,0,0,0,0,0,0,0,0
P2225,discharge,8,5,0,0,0,0,0,0,0,0,0,0
P2572,hashtag,8,6,0,0,0,0,0,0,0,0,0,0
P2884,mains voltage,8,5,0,0,0,0,0,0,0,0,0,0
P3033,package management system,8,5,0,0,0,0,0,0,0,0,0,0
P3501,Christian liturgical rite,8,8,0,0,0,0,0,0,0,0,0,0
P3938,named by,8,4,0,0,0,0,0,0,0,0,0,0
P4586,type foundry,8,6,0,0,0,0,0,0,0,0,0,0
P4633,name of the character role,8,1,0,0,0,0,0,0,0,0,0,0
P7297,cumulative elevation gain,8,5,0,0,0,0,0,0,0,0,0,0
P8546,recording location,8,7,0,0,0,0,0,0,0,0,0,0
P8852,facial hair,8,7,0,0,0,0,0,0,0,0,0,0
P9549,official podcast,8,7,0,0,0,0,0,0,0,0,0,0
P9793,setlist,8,4,0,0,0,0,0,0,0,0,0,0
P10367,number of lanes,8,3,0,0,0,0,0,0,0,0,0,0
P61,discoverer or inventor,9,8,0,0,0,0,0,0,0,0,0,0
P1128,employees,9,5,0,0,0,0,0,0,0,0,0,0
P1193,prevalence,9,9,0,0,0,0,0,0,0,0,0,0
P1557,manifestation of,9,3,0,0,0,0,0,0,0,0,0,0
P2635,number of parts of this work,9,5,0,0,0,0,0,0,0,0,0,0
P2739,typeface/font used,9,7,0,0,0,0,0,0,0,0,0,0
P2852,emergency phone number,9,5,0,0,0,0,0,0,0,0,0,0
P2913,date depicted,9,9,0,0,0,0,0,0,0,0,0,0
P2925,domain of saint or deity,9,6,0,0,0,0,0,0,0,0,0,0
P2998,age of candidacy,9,3,0,0,0,0,0,0,0,0,0,0
P3618,base salary,9,7,0,0,0,0,0,0,0,0,0,0
P3701,incarnation of,9,3,0,0,0,0,0,0,0,0,0,0
P4290,official app,9,7,0,0,0,0,0,0,0,0,0,0
P4844,research intervention,9,1,0,0,0,0,0,0,0,0,0,0
P7045,chassis,9,2,0,0,0,0,0,0,0,0,0,0
P8058,symbol of,9,8,0,0,0,0,0,0,0,0,0,0
P8571,external auditor,9,6,0,0,0,0,0,0,0,0,0,0
P9234,supplement to,9,8,0,0,0,0,0,0,0,0,0,0
P412,voice type,10,9,0,0,0,0,0,0,0,0,0,0
P500,exclave of,9,6,0,0,0,0,0,0,0,0,0,0
P916,GSRR rating,10,9,0,0,0,0,0,0,0,0,0,0
P1072,readable file format,10,7,0,0,0,0,0,0,0,0,0,0
P1264,valid in period,10,9,0,0,0,0,0,0,0,0,0,0
P1299,depicted by,10,10,0,0,0,0,0,0,0,0,0,0
P2244,periapsis,10,3,0,0,0,0,0,0,0,0,0,0
P2547,perimeter,10,1,0,0,0,0,0,0,0,0,0,0
P3602,candidacy in election,10,9,0,0,0,0,0,0,0,0,0,0
P4519,payload mass,10,7,0,0,0,0,0,0,0,0,0,0
P4614,drainage basin,10,6,0,0,0,0,0,0,0,0,0,0
P5023,activity policy in this place,10,10,0,0,0,0,0,0,0,0,0,0
P5630,prisoner count,10,6,0,0,0,0,0,0,0,0,0,0
P10067,train melody,10,9,0,0,0,0,0,0,0,0,0,0
P25,mother,11,11,0,0,0,0,0,0,0,0,0,0
P172,ethnic group,11,8,0,0,0,0,0,0,0,0,0,0
P348,software version identifier,11,9,0,0,0,0,0,0,0,0,0,0
P393,edition number,11,4,0,0,0,0,0,0,0,0,0,0
P834,train depot,11,8,0,0,0,0,0,0,0,0,0,0
P1462,standards body,11,9,0,0,0,0,0,0,0,0,0,0
P2360,intended public,11,5,0,0,0,0,0,0,0,0,0,0
P2674,next crossing downstream,11,9,0,0,0,0,0,0,0,0,0,0
P2848,Wi-Fi access,11,11,0,0,0,0,0,0,0,0,0,0
P5822,admission rate,11,1,0,0,0,0,0,0,0,0,0,0
P6856,average speed,11,7,0,0,0,0,0,0,0,0,0,0
P8005,research subject recruitment status,11,9,0,0,0,0,0,0,0,0,0,0
P10254,associated cadastral district,11,8,0,0,0,0,0,0,0,0,0,0
P10888,contains the statistical territorial entity,11,7,0,0,0,0,0,0,0,0,0,0
P78,top-level Internet domain,12,9,0,0,0,0,0,0,0,0,0,0
P729,service entry,12,12,0,0,0,0,0,0,0,0,0,0
P1104,number of pages,14,6,0,0,0,0,0,0,0,0,0,0
P1290,godparent,12,9,0,0,0,0,0,0,0,0,0,0
P1622,driving side,12,12,0,0,0,0,0,0,0,0,0,0
P2130,capital cost,12,9,0,0,0,0,0,0,0,0,0,0
P2596,culture,12,5,0,0,0,0,0,0,0,0,0,0
P2673,next crossing upstream,12,11,0,0,0,0,0,0,0,0,0,0
P4967,prerequisite,12,7,0,0,0,0,0,0,0,0,0,0
P6540,multi-channel network,12,12,0,0,0,0,0,0,0,0,0,0
P7153,significant place,12,9,0,0,0,0,0,0,0,0,0,0
P7573,IFCO rating,12,12,0,0,0,0,0,0,0,0,0,0
P14272,CLCR language code,12,12,0,0,0,0,0,0,0,0,0,0
P344,director of photography,13,6,0,0,0,0,0,0,0,0,0,0
P398,child astronomical body,13,2,0,0,0,0,0,0,0,0,0,0
P487,Unicode character,13,13,0,0,0,0,0,0,0,0,0,0
P529,runway,13,7,0,0,0,0,0,0,0,0,0,0
P541,office contested,13,9,0,0,0,0,0,0,0,0,0,0
P674,characters,13,5,0,0,0,0,0,0,0,0,0,0
P1639,pendant of,13,13,0,0,0,0,0,0,0,0,0,0
P2044,elevation above sea level,13,10,0,0,0,0,0,0,0,0,0,0
P2095,co-driver,13,7,0,0,0,0,0,0,0,0,0,0
P2146,orbital period,13,6,0,0,0,0,0,0,0,0,0,0
P3195,league points system,13,5,0,0,0,0,0,0,0,0,0,0
P3793,IPv6 routing prefix,13,13,0,0,0,0,0,0,0,0,0,0
P4353,nominated by,13,9,0,0,0,0,0,0,0,0,0,0
P230,ICAO airline designator,14,14,0,0,0,0,0,0,0,0,0,0
P562,central bank/issuer,14,10,0,0,0,0,0,0,0,0,0,0
P1202,carries scientific instrument,14,2,0,0,0,0,0,0,0,0,0,0
P1429,has pet,14,11,0,0,0,0,0,0,0,0,0,0
P5202,adapted by,11,4,0,0,0,0,0,0,0,0,0,0
P5897,account charge / subscription fee,14,4,0,0,0,0,0,0,0,0,0,0
P10624,official observer status in organization,14,13,0,0,0,0,0,0,0,0,0,0
P13574,most populous urban area,14,14,0,0,0,0,0,0,0,0,0,0
P740,location of formation,15,12,0,0,0,0,0,0,0,0,0,0
P828,has cause,14,12,0,0,0,0,0,0,0,0,0,0
P2137,total equity,15,14,0,0,0,0,0,0,0,0,0,0
P2197,production rate,15,12,0,0,0,0,0,0,0,0,0,0
P2378,issued by,15,10,0,0,0,0,0,0,0,0,0,0
P3994,racon signal,15,14,0,0,0,0,0,0,0,0,0,0
P6195,funding scheme,15,13,0,0,0,0,0,0,0,0,0,0
P6758,supported sports team,15,5,0,0,0,0,0,0,0,0,0,0
P9086,BAMID film rating,15,13,0,0,0,0,0,0,0,0,0,0
P768,electoral district,16,15,0,0,0,0,0,0,0,0,0,0
P1174,visitors per year,16,11,0,0,0,0,0,0,0,0,0,0
P1399,convicted of,16,16,0,0,0,0,0,0,0,0,0,0
P2262,draft,16,9,0,0,0,0,0,0,0,0,0,0
P3000,marriageable age,16,4,0,0,0,0,0,0,0,0,0,0
P6291,advertises,16,13,0,0,0,0,0,0,0,0,0,0
P6437,day of regular release,16,9,0,0,0,0,0,0,0,0,0,0
P7501,audio system,16,7,0,0,0,0,0,0,0,0,0,0
P8001,endorsed by,16,10,0,0,0,0,0,0,0,0,0,0
P209,highest judicial authority,17,12,0,0,0,0,0,0,0,0,0,0
P613,OS grid reference,17,14,0,0,0,0,0,0,0,0,0,0
P1304,central bank,15,10,0,0,0,0,0,0,0,0,0,0
P1314,number of spans,17,12,0,0,0,0,0,0,0,0,0,0
P1593,legal counsel,17,8,0,0,0,0,0,0,0,0,0,0
P1594,judge,17,2,0,0,0,0,0,0,0,0,0,0
P1876,vessel,17,10,0,0,0,0,0,0,0,0,0,0
P3075,official religion,14,12,0,0,0,0,0,0,0,0,0,0
P3179,territory overlaps,17,11,0,0,0,0,0,0,0,0,0,0
P5012,special rank or class rate,17,17,0,0,0,0,0,0,0,0,0,0
P6885,historical region,17,5,0,0,0,0,0,0,0,0,0,0
P114,airline alliance,17,13,0,0,0,0,0,0,0,0,0,0
P229,IATA airline designator,18,17,0,0,0,0,0,0,0,0,0,0
P676,lyricist,18,15,0,0,0,0,0,0,0,0,0,0
P1028,donated by,18,16,0,0,0,0,0,0,0,0,0,0
P1340,eye color,18,12,0,0,0,0,0,0,0,0,0,0
P1419,shape,18,12,0,0,0,0,0,0,0,0,0,0
P1546,motto,18,13,0,0,0,0,0,0,0,0,0,0
P1889,different from,18,18,0,0,0,0,0,0,0,0,0,0
P2098,substitute/deputy/replacement of office/officeholder,18,15,0,0,0,0,0,0,0,0,0,0
P2937,legislative term,18,17,0,0,0,0,0,0,0,0,0,0
P3113,does not have part,18,11,0,0,0,0,0,0,0,0,0,0
P8045,organized response related to outbreak,18,6,0,0,0,0,0,0,0,0,0,0
P807,separated from,19,19,0,0,0,0,0,0,0,0,0,0
P1750,name day,19,12,0,0,0,0,0,0,0,0,0,0
P2922,month of the year,19,16,0,0,0,0,0,0,0,0,0,0
P5389,permanent resident of,19,19,0,0,0,0,0,0,0,0,0,0
P6978,Scandinavian middle family name,19,19,0,0,0,0,0,0,0,0,0,0
P1398,structure replaces,20,17,0,0,0,0,0,0,0,0,0,0
P1414,GUI toolkit or framework,20,14,0,0,0,0,0,0,0,0,0,0
P9493,artist files at,40,13,0,0,0,0,0,0,0,0,0,0
P1301,number of elevators,21,19,0,0,0,0,0,0,0,0,0,0
P1547,depends on software,21,14,0,0,0,0,0,0,0,0,0,0
P1885,cathedral,21,18,0,0,0,0,0,0,0,0,0,0
P1951,investor,21,13,0,0,0,0,0,0,0,0,0,0
P2437,number of seasons,21,11,0,0,0,0,0,0,0,0,0,0
P3610,fare zone,21,12,0,0,0,0,0,0,0,0,0,0
P5009,complies with,21,16,0,0,0,0,0,0,0,0,0,0
P397,parent astronomical body,22,22,0,0,0,0,0,0,0,0,0,0
P550,chivalric order,22,20,0,0,0,0,0,0,0,0,0,0
P1098,"number of speakers, writers, or signers",22,18,0,0,0,0,0,0,0,0,0,0
P1785,temple name,22,15,0,0,0,0,0,0,0,0,0,0
P8329,principal investigator,22,14,0,0,0,0,0,0,0,0,0,0
P13047,leased to,22,19,0,0,0,0,0,0,0,0,0,0
P193,main building contractor,23,22,0,0,0,0,0,0,0,0,0,0
P457,foundational text,23,9,0,0,0,0,0,0,0,0,0,0
P814,IUCN protected areas category,23,22,0,0,0,0,0,0,0,0,0,0
P833,interchange station,23,22,0,0,0,0,0,0,0,0,0,0
P1302,primary destinations,23,14,0,0,0,0,0,0,0,0,0,0
P2436,voltage,23,17,0,0,0,0,0,0,0,0,0,0
P3032,adjacent structure or building,23,20,0,0,0,0,0,0,0,0,0,0
P13939,Commonwealth Sport country code,23,15,0,0,0,0,0,0,0,0,0,0
P942,theme music,24,9,0,0,0,0,0,0,0,0,0,0
P2855,VAT rate,24,9,0,0,0,0,0,0,0,0,0,0
P2957,throughput,24,10,0,0,0,0,0,0,0,0,0,0
P3828,wears,24,15,0,0,0,0,0,0,0,0,0,0
P8839,hair style / hair length,20,12,0,0,0,0,0,0,0,0,0,0
P10788,in operation on service,24,8,0,0,0,0,0,0,0,0,0,0
P852,ESRB rating,25,16,0,0,0,0,0,0,0,0,0,0
P3039,wheelbase,25,12,0,0,0,0,0,0,0,0,0,0
P1181,numeric value,26,14,0,0,0,0,0,0,0,0,0,0
P1879,income classification (Philippines),26,26,0,0,0,0,0,0,0,0,0,0
P1891,signatory,26,5,0,0,0,0,0,0,0,0,0,0
P4969,derivative work,26,15,0,0,0,0,0,0,0,0,0,0
P9759,bridge number,26,25,0,0,0,0,0,0,0,0,0,0
P575,time of discovery or invention,27,27,0,0,0,0,0,0,0,0,0,0
P4446,reward program,27,19,0,0,0,0,0,0,0,0,0,0
P411,canonization status,28,24,0,0,0,0,0,0,0,0,0,0
P2142,box office,28,15,0,0,0,0,0,0,0,0,0,0
P2377,MediaWiki hooks used,28,9,0,0,0,0,0,0,0,0,0,0
P1100,number of cylinders,29,15,0,0,0,0,0,0,0,0,0,0
P167,structure replaced by,31,26,0,0,0,0,0,0,0,0,0,0
P1329,phone number,31,27,0,0,0,0,0,0,0,0,0,0
P206,located in or next to body of water,30,27,0,0,0,0,0,0,0,0,0,0
P747,"has version, edition or translation",28,25,0,0,0,0,0,0,0,0,0,0
P403,mouth of the watercourse,33,31,0,0,0,0,0,0,0,0,0,0
P1884,hair color,33,23,0,0,0,0,0,0,0,0,0,0
P1336,territory claimed by,34,21,0,0,0,0,0,0,0,0,0,0
P3719,regulated by,34,29,0,0,0,0,0,0,0,0,0,0
P5832,political coalition,34,24,0,0,0,0,0,0,0,0,0,0
P790,approved by,35,16,0,0,0,0,0,0,0,0,0,0
P2402,total expenditure,35,32,0,0,0,0,0,0,0,0,0,0
P3424,Polish cultural heritage register number,35,31,0,0,0,0,0,0,0,0,0,0
P467,legislated by,36,3,0,0,0,0,0,0,0,0,0,0
P1840,investigated by,36,32,0,0,0,0,0,0,0,0,0,0
P88,commissioned by,38,33,0,0,0,0,0,0,0,0,0,0
P6379,has works in the collection,38,31,0,0,0,0,0,0,0,0,0,0
P2650,interested in,41,29,0,0,0,0,0,0,0,0,0,0
P4379,youth wing,42,25,0,0,0,0,0,0,0,0,0,0
P972,catalog,40,40,0,0,0,0,0,0,0,0,0,0
P3216,ClassInd rating,43,42,0,0,0,0,0,0,0,0,0,0
P239,ICAO airport code,45,45,0,0,0,0,0,0,0,0,0,0
P737,influenced by,46,19,0,0,0,0,0,0,0,0,0,0
P2899,minimum age,46,28,0,0,0,0,0,0,0,0,0,0
P2992,software quality assurance,46,40,0,0,0,0,0,0,0,0,0,0
P576,"dissolved, abolished or demolished",46,46,0,0,0,0,0,0,0,0,0,0
P1269,facet of,48,40,0,0,0,0,0,0,0,0,0,0
P991,successful candidate,48,41,0,0,0,0,0,0,0,0,0,0
P1035,honorific suffix,49,48,0,0,0,0,0,0,0,0,0,0
P1445,fictional universe described in,49,23,0,0,0,0,0,0,0,0,0,0
P1786,posthumous name,49,29,0,0,0,0,0,0,0,0,0,0
P2079,fabrication method,49,42,0,0,0,0,0,0,0,0,0,0
P3335,associated hazard,49,49,0,0,0,0,0,0,0,0,0,0
P1373,daily patronage,50,38,0,0,0,0,0,0,0,0,0,0
P1542,has effect,54,27,0,0,0,0,0,0,0,0,0,0
P6249,narrative age,50,23,0,0,0,0,0,0,0,0,0,0
P12878,last appearance,51,51,0,0,0,0,0,0,0,0,0,0
P1303,instrument,52,36,0,0,0,0,0,0,0,0,0,0
P2416,sports discipline competed in,52,37,0,0,0,0,0,0,0,0,0,0
P3818,KMRB film rating,52,39,0,0,0,0,0,0,0,0,0,0
P1113,number of episodes,53,47,0,0,0,0,0,0,0,0,0,0
P1990,species kept,53,12,0,0,0,0,0,0,0,0,0,0
P6477,does not have characteristic,53,10,0,0,0,0,0,0,0,0,0,0
P822,mascot,54,41,0,0,0,0,0,0,0,0,0,0
P520,armament,55,28,0,0,0,0,0,0,0,0,0,0
P2049,width,56,32,0,0,0,0,0,0,0,0,0,0
P2094,competition class,56,31,0,0,0,0,0,0,0,0,0,0
P2846,disabled accessibility,56,51,0,0,0,0,0,0,0,0,0,0
P832,public holiday,57,13,0,0,0,0,0,0,0,0,0,0
P238,IATA airport code,57,55,0,0,0,0,0,0,0,0,0,0
P170,creator,61,45,0,0,0,0,0,0,0,0,0,0
P2715,elected in,62,62,0,0,0,0,0,0,0,0,0,0
P2923,focal height,62,57,0,0,0,0,0,0,0,0,0,0
P1092,total produced,63,59,0,0,0,0,0,0,0,0,0,0
P277,programmed in,66,41,0,0,0,0,0,0,0,0,0,0
P2408,set in period,69,65,0,0,0,0,0,0,0,0,0,0
P58,screenwriter,73,22,0,0,0,0,0,0,0,0,0,0
P2817,appears in the heritage monument list,73,71,0,0,0,0,0,0,0,0,0,0
P1630,formatter URL,74,51,0,0,0,0,0,0,0,0,0,0
P184,doctoral advisor,75,69,0,0,0,0,0,0,0,0,0,0
P1382,partially coincident with,77,44,0,0,0,0,0,0,0,0,0,0
P1427,start point,77,74,0,0,0,0,0,0,0,0,0,0
P5588,invasive to,77,67,0,0,0,0,0,0,0,0,0,0
P2738,disjoint union of,78,76,0,0,0,0,0,0,0,0,0,0
P3403,coextensive with,78,76,0,0,0,0,0,0,0,0,0,0
P5277,grade of kanji,78,75,0,0,0,0,0,0,0,0,0,0
P1576,lifestyle,79,70,0,0,0,0,0,0,0,0,0,0
P4584,first appearance,81,81,0,0,0,0,0,0,0,0,0,0
P40,child,83,57,0,0,0,0,0,0,0,0,0,0
P177,crosses,85,69,0,0,0,0,0,0,0,0,0,0
P1789,chief operating officer,87,74,0,0,0,0,0,0,0,0,0,0
P400,platform,92,41,0,0,0,0,0,0,0,0,0,0
P1855,Wikidata property example,93,58,0,0,0,0,0,0,0,0,0,0
P1981,FSK film rating,93,81,0,0,0,0,0,0,0,0,0,0
P180,depicts,95,58,0,0,0,0,0,0,0,0,0,0
P1923,participating team,95,10,0,0,0,0,0,0,0,0,0,0
P306,operating system,96,59,0,0,0,0,0,0,0,0,0,0
P437,distribution format,105,70,0,0,0,0,0,0,0,0,0,0
P10135,recording date,104,104,0,0,0,0,0,0,0,0,0,0
P185,doctoral student,107,62,0,0,0,0,0,0,0,0,0,0
P10606,notable role,107,81,0,0,0,0,0,0,0,0,0,0
P4424,mandates,109,109,0,0,0,0,0,0,0,0,0,0
P135,movement,112,101,0,0,0,0,0,0,0,0,0,0
P726,candidate,113,18,0,0,0,0,0,0,0,0,0,0
P179,part of the series,114,113,0,0,0,0,0,0,0,0,0,0
P6364,official color,119,60,0,0,0,0,0,0,0,0,0,0
P3842,located in the present-day administrative territorial entity,121,109,0,0,0,0,0,0,0,0,0,0
P2754,production date,123,116,0,0,0,0,0,0,0,0,0,0
P3721,public key fingerprint,127,61,0,0,0,0,0,0,0,0,0,0
P360,is a list of,131,130,0,0,0,0,0,0,0,0,0,0
P408,software engine,131,74,0,0,0,0,0,0,0,0,0,0
P3018,located in protected area,135,116,0,0,0,0,0,0,0,0,0,0
P2238,official symbol,141,50,0,0,0,0,0,0,0,0,0,0
P1321,municipal affiliation of a Swiss national,147,131,0,0,0,0,0,0,0,0,0,0
P5460,grants,148,96,0,0,0,0,0,0,0,0,0,0
P13773,LSF rating,154,154,0,0,0,0,0,0,0,0,0,0
P1142,political ideology,154,96,0,0,0,0,0,0,0,0,0,0
P483,recorded at studio or venue,161,156,0,0,0,0,0,0,0,0,0,0
P5816,state of conservation,167,159,0,0,0,0,0,0,0,0,0,0
P1971,number of children,176,146,0,0,0,0,0,0,0,0,0,0
P7936,business model,188,186,0,0,0,0,0,0,0,0,0,0
P452,industry,189,131,0,0,0,0,0,0,0,0,0,0
P1347,military casualty classification,193,189,0,0,0,0,0,0,0,0,0,0
P7256,computer performance,198,96,0,0,0,0,0,0,0,0,0,0
P1350,number of matches played/races/starts,200,200,0,0,0,0,0,0,0,0,0,0
P1433,published in,209,156,0,0,0,0,0,0,0,0,0,0
P9866,GRAC rating,207,195,0,0,0,0,0,0,0,0,0,0
P473,local dialing code,209,109,0,0,0,0,0,0,0,0,0,0
P553,website account on,213,147,0,0,0,0,0,0,0,0,0,0
P6658,RCQ classification,229,228,0,0,0,0,0,0,0,0,0,0
P9683,Qualis rank,250,225,0,0,0,0,0,0,0,0,0,0
P485,archives at,262,252,0,0,0,0,0,0,0,0,0,0
P841,feast day,273,241,0,0,0,0,0,0,0,0,0,0
P7261,use restriction status,300,300,0,0,0,0,0,0,0,0,0,0
P7327,OFLC classification,307,260,0,0,0,0,0,0,0,0,0,0
P1389,product certification,316,265,0,0,0,0,0,0,0,0,0,0
P3761,IPv4 routing prefix,320,179,0,0,0,0,0,0,0,0,0,0
P112,founder,324,244,0,0,0,0,0,0,0,0,0,0
P5595,number of platform faces,338,308,0,0,0,0,0,0,0,0,0,0
P2789,connects with,341,226,0,0,0,0,0,0,0,0,0,0
P3461,designated as terrorist by,343,194,0,0,0,0,0,0,0,0,0,0
P4330,contains,361,36,0,0,0,0,0,0,0,0,0,0
P1093,gross tonnage,366,354,0,0,0,0,0,0,0,0,0,0
P53,family,378,329,0,0,0,0,0,0,0,0,0,0
P1383,contains settlement,381,173,0,0,0,0,0,0,0,0,0,0
P7532,room number,392,378,0,0,0,0,0,0,0,0,0,0
P2652,partnership with,443,260,0,0,0,0,0,0,0,0,0,0
P13210,organisation tax status,479,477,0,0,0,0,0,0,0,0,0,0
P1317,floruit,547,509,0,0,0,0,0,0,0,0,0,0
P2176,drug or therapy used for treatment,599,287,0,0,0,0,0,0,0,0,0,0
P395,vehicle registration plate code,612,480,0,0,0,0,0,0,0,0,0,0
P1192,connecting service,657,455,0,0,0,0,0,0,0,0,0,0
P2175,medical condition treated,671,435,0,0,0,0,0,0,0,0,0,0
P2670,has part(s) of the class,685,330,0,0,0,0,0,0,0,0,0,0
P6216,copyright status,741,701,0,0,0,0,0,0,0,0,0,0
P8875,indexed in bibliographic review,747,729,0,0,0,0,0,0,0,0,0,0
P1365,replaces,787,565,0,0,0,0,0,0,0,0,0,0
P2629,BBFC rating,887,720,0,0,0,0,0,0,0,0,0,0
P7763,copyright status as a creator,1113,1109,0,0,0,0,0,0,0,0,0,0
P530,diplomatic relation,1146,199,0,0,0,0,0,0,0,0,0,0
P1000,record held,1161,643,0,0,0,0,0,0,0,0,0,0
P6954,online access status,1245,1242,0,0,0,0,0,0,0,0,0,0
P4044,therapeutic area,1313,840,0,0,0,0,0,0,0,0,0,0
P7228,access restriction status,1542,1539,0,0,0,0,0,0,0,0,0,0
P914,USK rating,1626,1067,0,0,0,0,0,0,0,0,0,0
P4131,annual energy output,1758,1757,0,0,0,0,0,0,0,0,0,0
P6509,total goals in career,3338,3332,0,0,0,0,0,0,0,0,0,0
P3259,intangible cultural heritage status,3555,3103,0,0,0,0,0,0,0,0,0,0
P5991,carbon footprint,4102,276,0,0,0,0,0,0,0,0,0,0
P5514,accredited by,4966,4280,0,0,0,0,0,0,0,0,0,0
P150,contains the administrative territorial entity,10772,1080,0,0,0,0,0,0,0,0,0,0
P190,twinned administrative body,17512,5683,0,0,0,0,0,0,0,0,0,0
P1435,heritage designation,50000,43776,0,0,0,0,0,0,0,0,0,0
P2962,title of chess person,33392,23076,0,0,0,0,0,0,0,0,0,0
P19,place of birth,4,4,0,0,0,0,0,0,0,0,0,0
P20,place of death,6,6,0,0,0,0,0,0,0,0,0,0
P21,sex or gender,0,0,0,0,0,0,0,0,0,0,0,0
P22,father,32,30,0,0,0,0,0,0,0,0,0,0
P59,constellation,0,0,0,0,0,0,0,0,0,0,0,0
P105,taxon rank,5,4,0,0,0,0,0,0,0,0,0,0
P136,genre,71,46,0,0,0,0,0,0,0,0,0,0
P171,parent taxon,0,0,0,0,0,0,0,0,0,0,0,0
P225,taxon name,1,1,0,0,0,0,0,0,0,0,0,0
